reflat;reflon;refFloor;refRoom;cpslat;cpslon;cpsFloor;cpsRoom;pressure;error;scantime;wifis...;;;;;;;;;;;;;;;;;;;;;;;;;;;;;;;;;;;;;;;;
55.710943;13.210204;0;point1;55.71109;13.2101;0;;1000.16;17.59609806;03.04.2019 15:03;wifi=b4:5d:50:ea:e2:71,,-91;70:3a:0e:9b:5b:31,,-88;70:3a:0e:a7:8a:e1,,-85;70:3a:0e:a7:81:22,,-83;70:3a:0e:a7:8a:e0,,-82;70:3a:0e:a7:81:21,,-82;b4:5d:50:01:cc:00,,-81;b4:5d:50:01:cc:02,,-80;6c:19:8f:f4:48:07,,-80;a8:bd:27:24:e7:80,,-79;70:3a:0e:9b:5b:20,,-78;a8:bd:27:24:e7:82,,-78;b4:5d:50:01:cc:01,,-78;a8:bd:27:24:e7:81,,-77;a8:bd:27:24:e8:62,,-77;a8:bd:27:24:e8:61,,-76;a8:bd:27:24:e8:60,,-76;70:3a:0e:9b:5b:21,,-72;70:3a:0e:9b:5b:22,,-72;b4:5d:50:ea:ab:c0,,-67;b4:5d:50:ea:ab:c2,,-66;b4:5d:50:ea:ab:c1,,-60;b4:5d:50:ea:ab:d1,,-57;b4:5d:50:ea:ab:d0,,-57;b4:5d:50:ea:ab:d2,,-57;06:d6:aa:09:e4:e6,,-43;;;;;;;;;;;;;;;
55.710987;13.210204;0;point1;55.71108;13.21015;0;;1000.13;10.88034725;03.04.2019 15:03;wifi=b4:5d:50:ea:e2:71,,-91;a8:bd:27:24:ea:91,,-90;ac:7f:3e:ec:15:ea,,-87;70:3a:0e:9b:49:c1,,-86;70:3a:0e:9b:5b:32,,-86;70:3a:0e:9b:5b:31,,-85;70:3a:0e:9b:5b:30,,-85;b4:5d:50:0b:90:41,,-84;b4:5d:50:01:cc:02,,-80;6c:19:8f:f4:48:07,,-80;b4:5d:50:01:cc:00,,-78;70:3a:0e:9b:5b:21,,-73;b4:5d:50:01:cc:01,,-71;70:3a:0e:9b:5b:20,,-69;70:3a:0e:9b:5b:22,,-69;b4:5d:50:ea:ab:d1,,-67;b4:5d:50:ea:ab:d0,,-67;b4:5d:50:ea:ab:d2,,-66;b4:5d:50:ea:ab:c1,,-60;06:d6:aa:09:e4:e6,,-42;;;;;;;;;;;;;;;;;;;;;
55.711031;13.210203;0;point1;55.71112;13.21017;0;;1000.12;10.10960635;03.04.2019 15:03;wifi=a8:bd:27:24:ea:91,,-90;ac:7f:3e:ec:15:ea,,-87;70:3a:0e:9b:5b:32,,-86;70:3a:0e:9b:5b:31,,-85;70:3a:0e:9b:5b:30,,-85;70:3a:0e:9b:5b:21,,-84;b4:5d:50:0b:90:41,,-84;b4:5d:50:ea:ab:d1,,-77;b4:5d:50:ea:ab:d0,,-77;b4:5d:50:ea:ab:d2,,-77;70:3a:0e:9b:5b:22,,-77;70:3a:0e:9b:49:c1,,-75;70:3a:0e:9b:49:c0,,-75;70:3a:0e:9b:49:c2,,-75;70:3a:0e:9b:5b:20,,-69;b4:5d:50:01:cc:00,,-69;b4:5d:50:ea:ab:c0,,-67;b4:5d:50:ea:ab:c2,,-67;b4:5d:50:01:cc:01,,-66;b4:5d:50:ea:ab:c1,,-64;06:d6:aa:09:e4:e6,,-46;;;;;;;;;;;;;;;;;;;;
55.711076;13.210202;0;point1;55.71113;13.21019;0;;1000.14;6.052078708;03.04.2019 15:03;wifi=b4:5d:50:ea:e2:61,,-87;ac:7f:3e:ec:15:eb,,-85;70:3a:0e:9b:5b:21,,-84;a8:bd:27:24:ea:91,,-83;a8:bd:27:24:ea:90,,-83;a8:bd:27:24:ea:92,,-83;b4:5d:50:ea:ab:d0,,-81;b4:5d:50:ea:ab:d2,,-81;b4:5d:50:ea:ab:d1,,-80;70:3a:0e:9b:5b:22,,-77;70:3a:0e:9b:49:c1,,-75;b4:5d:50:ea:ab:c2,,-70;b4:5d:50:ea:ab:c0,,-69;70:3a:0e:9b:49:c0,,-69;b4:5d:50:ea:ab:c1,,-68;70:3a:0e:9b:49:c2,,-67;b4:5d:50:01:cc:00,,-63;b4:5d:50:01:cc:02,,-63;b4:5d:50:01:cc:01,,-62;06:d6:aa:09:e4:e6,,-45;;;;;;;;;;;;;;;;;;;;;
55.71112;13.210202;0;point1;55.71116;13.21028;0;;1000.12;6.607387616;03.04.2019 15:04;wifi=b4:5d:50:ea:e2:61,,-87;70:3a:0e:a7:87:01,,-85;70:3a:0e:a7:87:11,,-84;70:3a:0e:a7:87:10,,-84;70:3a:0e:a7:87:12,,-84;a8:bd:27:24:ea:91,,-83;a8:bd:27:24:ea:90,,-83;a8:bd:27:24:ea:92,,-83;70:3a:0e:a7:87:02,,-81;b4:5d:50:ea:ab:d0,,-80;b4:5d:50:ea:ab:c1,,-80;b4:5d:50:ea:ab:d1,,-79;b4:5d:50:ea:ab:d2,,-79;b4:5d:50:ea:ab:c2,,-78;70:3a:0e:a7:8a:01,,-78;ac:7f:3e:ec:15:eb,,-77;70:3a:0e:a7:8a:00,,-77;70:3a:0e:a7:8a:02,,-77;70:3a:0e:9b:49:c1,,-75;b4:5d:50:ea:ab:c0,,-69;70:3a:0e:9b:49:c0,,-69;70:3a:0e:9b:49:c2,,-67;b4:5d:50:01:cc:01,,-62;b4:5d:50:01:cc:00,,-59;b4:5d:50:01:cc:02,,-59;06:d6:aa:09:e4:e6,,-43;;;;;;;;;;;;;;;
55.711172;13.210201;0;point2;55.7112;13.21018;0;;1000.12;3.380549851;03.04.2019 15:04;wifi=ac:7f:3e:ec:15:eb,,-84;70:3a:0e:a7:87:10,,-83;b4:5d:50:ea:ab:d0,,-82;70:3a:0e:a7:8a:01,,-82;70:3a:0e:a7:87:11,,-82;70:3a:0e:a7:87:01,,-82;70:3a:0e:a7:87:12,,-82;a8:bd:27:24:e7:a1,,-82;70:3a:0e:a7:8a:02,,-82;b4:5d:50:ea:ab:d1,,-81;b4:5d:50:ea:ab:d2,,-80;b4:5d:50:ea:ab:c1,,-74;ac:7f:3e:ec:15:ea,,-73;a8:bd:27:24:ea:80,,-69;a8:bd:27:24:ea:81,,-63;a8:bd:27:24:ea:91,,-61;a8:bd:27:24:ea:90,,-61;a8:bd:27:24:ea:92,,-61;b4:5d:50:01:cc:00,,-58;b4:5d:50:01:cc:02,,-58;b4:5d:50:01:cc:01,,-56;06:d6:aa:09:e4:e6,,-40;;;;;;;;;;;;;;;;;;;
55.711214;13.2102;0;point2;55.71124;13.21062;0;;1000.18;26.46839693;03.04.2019 15:04;wifi=70:3a:0e:a7:87:12,,-90;70:3a:0e:a7:87:11,,-89;70:3a:0e:a7:87:10,,-89;a8:bd:27:24:ea:90,,-87;a8:bd:27:24:ea:92,,-87;a8:bd:27:24:ea:91,,-86;ac:7f:3e:ec:15:eb,,-84;b4:5d:50:ea:ab:d0,,-82;a8:bd:27:24:e7:a1,,-82;70:3a:0e:a7:8a:02,,-82;b4:5d:50:ea:ab:d1,,-81;b4:5d:50:ea:ab:d2,,-81;a8:bd:27:24:ea:82,,-79;a8:bd:27:24:ea:81,,-78;ac:7f:3e:ec:15:ea,,-78;70:3a:0e:a7:8a:00,,-73;70:3a:0e:a7:8a:01,,-71;b4:5d:50:01:cc:00,,-66;b4:5d:50:01:cc:02,,-66;b4:5d:50:01:cc:01,,-66;06:d6:aa:09:e4:e6,,-38;;;;;;;;;;;;;;;;;;;;
55.711255;13.2102;0;point2;55.71121;13.21047;0;;1000.22;17.63855937;03.04.2019 15:04;wifi=70:3a:0e:a7:87:12,,-90;70:3a:0e:a7:87:11,,-89;70:3a:0e:a7:87:10,,-89;a8:bd:27:24:ea:90,,-83;a8:bd:27:24:ea:92,,-83;a8:bd:27:24:ea:91,,-82;b4:5d:50:ea:ab:d0,,-81;b4:5d:50:ea:ab:d1,,-80;b4:5d:50:ea:ab:d2,,-80;a8:bd:27:24:ea:81,,-80;a8:bd:27:24:ea:82,,-79;ac:7f:3e:ec:15:ea,,-78;70:3a:0e:a7:8a:01,,-71;70:3a:0e:a7:8a:00,,-68;b4:5d:50:01:cc:00,,-66;b4:5d:50:01:cc:02,,-66;b4:5d:50:01:cc:01,,-66;06:d6:aa:09:e4:e6,,-42;;;;;;;;;;;;;;;;;;;;;;;
55.711267;13.210232;0;point3;55.71138;13.21155;0;;1000.16;83.51419905;03.04.2019 15:04;wifi=70:3a:0e:9b:5c:d0,,-88;70:3a:0e:9b:5c:d2,,-88;a8:bd:27:24:ea:91,,-87;a8:bd:27:24:ea:90,,-87;a8:bd:27:24:ea:92,,-87;a8:bd:27:24:e7:b1,,-87;a8:bd:27:24:e7:b2,,-87;70:3a:0e:9b:5c:d1,,-87;a8:bd:27:24:e7:a0,,-80;a8:bd:27:24:e7:a2,,-80;a8:bd:27:24:e7:a1,,-79;b4:5d:50:ea:ab:d0,,-74;b4:5d:50:ea:ab:d1,,-74;b4:5d:50:ea:ab:d2,,-74;06:d6:aa:09:e4:e6,,-23;;;;;;;;;;;;;;;;;;;;;;;;;;
55.711239;13.210273;0;point3;55.71126;13.21076;0;;1000.18;30.59657286;03.04.2019 15:04;wifi=70:3a:0e:9b:5c:d0,,-88;70:3a:0e:9b:5c:d2,,-88;70:3a:0e:9b:5c:d1,,-87;a8:bd:27:24:ea:91,,-86;a8:bd:27:24:ea:90,,-86;a8:bd:27:24:ea:92,,-86;b4:5d:50:ea:ab:d0,,-86;b4:5d:50:ea:ab:d1,,-86;b4:5d:50:ea:ab:d2,,-86;70:3a:0e:a7:87:01,,-82;a8:bd:27:24:e7:a1,,-79;70:3a:0e:a7:87:10,,-78;70:3a:0e:a7:87:11,,-77;70:3a:0e:a7:87:12,,-77;b4:5d:50:01:cc:01,,-67;b4:5d:50:01:cc:00,,-67;06:d6:aa:09:e4:e6,,-38;;;;;;;;;;;;;;;;;;;;;;;;
55.711227;13.2103;0;point4;55.71128;13.21109;0;;1000.15;49.83786682;03.04.2019 15:04;wifi=a8:bd:27:24:ea:90,,-90;a8:bd:27:24:ea:92,,-90;a8:bd:27:24:ea:91,,-89;70:3a:0e:a7:82:01,,-83;70:3a:0e:a7:8a:01,,-80;70:3a:0e:a7:87:12,,-79;70:3a:0e:a7:87:11,,-78;70:3a:0e:a7:87:10,,-78;70:3a:0e:a7:8a:00,,-77;70:3a:0e:a7:87:01,,-75;70:3a:0e:a7:87:00,,-75;70:3a:0e:a7:87:02,,-74;b4:5d:50:01:cc:01,,-73;06:d6:aa:09:e4:e6,,-35;;;;;;;;;;;;;;;;;;;;;;;;;;;
55.711227;13.210358;0;point4;55.71127;13.21109;0;;1000.16;46.10347793;03.04.2019 15:05;wifi=a8:bd:27:24:ea:92,,-90;a8:bd:27:24:ea:91,,-89;70:3a:0e:a7:82:01,,-83;70:3a:0e:9b:5c:d2,,-83;70:3a:0e:9b:5c:d1,,-82;70:3a:0e:9b:5c:d0,,-82;70:3a:0e:a7:82:02,,-81;70:3a:0e:a7:8a:00,,-80;70:3a:0e:a7:8a:01,,-80;b4:5d:50:01:cc:00,,-79;70:3a:0e:9b:5c:c0,,-78;70:3a:0e:a7:87:00,,-75;b4:5d:50:01:cc:01,,-73;70:3a:0e:a7:87:11,,-70;70:3a:0e:a7:87:10,,-70;70:3a:0e:a7:87:12,,-70;70:3a:0e:a7:87:02,,-62;70:3a:0e:a7:87:01,,-61;06:d6:aa:09:e4:e6,,-32;;;;;;;;;;;;;;;;;;;;;;
55.711263;13.210404;0;point5;55.71129;13.21106;0;;1000.16;41.2034505;03.04.2019 15:05;wifi=a8:bd:27:24:ea:91,,-89;a8:bd:27:24:ea:92,,-89;70:3a:0e:a7:8a:01,,-84;70:3a:0e:a7:87:10,,-83;70:3a:0e:a7:87:11,,-82;70:3a:0e:a7:87:12,,-82;54:e4:3a:ec:ca:24,,-82;70:3a:0e:a7:82:01,,-77;70:3a:0e:9b:5c:c1,,-76;0c:80:63:e7:4b:68,,-76;70:3a:0e:9b:5c:d0,,-75;70:3a:0e:9b:5c:d2,,-75;70:3a:0e:9b:5c:d1,,-74;70:3a:0e:a7:87:01,,-73;06:d6:aa:09:e4:e6,,-38;;;;;;;;;;;;;;;;;;;;;;;;;;
55.711306;13.210403;0;point5;55.71141;13.21179;0;;1000.15;87.65206969;03.04.2019 15:05;wifi=70:3a:0e:a7:87:10,,-90;0c:80:63:e7:4b:67,,-90;70:3a:0e:a7:87:11,,-89;70:3a:0e:a7:87:12,,-89;70:3a:0e:a7:82:01,,-85;0c:80:63:e7:4b:68,,-82;54:e4:3a:ec:ca:24,,-82;70:3a:0e:9b:5c:d0,,-75;70:3a:0e:9b:5c:d2,,-75;70:3a:0e:9b:5c:d1,,-74;06:d6:aa:09:e4:e6,,-18;;;;;;;;;;;;;;;;;;;;;;;;;;;;;;
55.711349;13.210403;0;point5;55.71138;13.21139;0;;1000.15;61.92460003;03.04.2019 15:05;wifi=70:3a:0e:a7:87:11,,-90;70:3a:0e:a7:87:10,,-90;70:3a:0e:a7:87:12,,-89;0c:80:63:e7:4b:67,,-89;70:3a:0e:a7:82:01,,-85;70:3a:0e:9b:5c:d1,,-84;70:3a:0e:9b:5c:d2,,-84;54:e4:3a:ec:ca:24,,-84;70:3a:0e:9b:5c:d0,,-83;0c:80:63:e7:4b:68,,-72;06:d6:aa:09:e4:e6,,-43;;;;;;;;;;;;;;;;;;;;;;;;;;;;;;
55.711393;13.210403;0;point5;55.71142;13.21178;0;;1000.17;86.31153706;03.04.2019 15:05;wifi=70:3a:0e:a7:87:11,,-90;0c:80:63:e7:4b:67,,-89;70:3a:0e:a7:8a:d1,,-89;70:3a:0e:9b:5c:d1,,-84;70:3a:0e:9b:5c:d2,,-84;54:e4:3a:ec:ca:24,,-84;70:3a:0e:9b:5c:d0,,-83;70:3a:0e:9b:5c:c1,,-82;b4:5d:50:05:28:01,,-81;0c:80:63:e7:4b:68,,-72;06:d6:aa:09:e4:e6,,-18;;;;;;;;;;;;;;;;;;;;;;;;;;;;;;
55.711436;13.210402;0;point5;55.71149;13.21075;0;;1000.18;22.61174659;03.04.2019 15:05;wifi=38:17:c3:d8:87:01,,-88;64:eb:8c:cc:56:e3,,-87;0c:80:63:e7:4b:68,,-83;b4:5d:50:ea:ca:81,,-83;70:3a:0e:9b:5c:c1,,-82;b4:5d:50:05:28:01,,-81;70:3a:0e:a7:8a:d0,,-81;b4:5d:50:ea:b5:41,,-81;70:3a:0e:a7:8a:d2,,-81;70:3a:0e:a7:8a:d1,,-80;70:3a:0e:a7:8a:c1,,-70;70:3a:0e:9b:5a:02,,-60;06:d6:aa:09:e4:e6,,-35;;;;;;;;;;;;;;;;;;;;;;;;;;;;
55.711479;13.210402;0;point5;55.71158;13.21049;0;;1000.14;12.51094515;03.04.2019 15:05;wifi=70:3a:0e:9a:6f:01,,-85;70:3a:0e:9b:4d:c1,,-84;0c:80:63:e7:4b:68,,-83;70:3a:0e:a7:8a:d1,,-83;70:3a:0e:a7:8a:d0,,-83;70:3a:0e:a7:8a:d2,,-83;a8:bd:27:4e:56:42,,-83;7c:d1:c3:cb:3e:fa,,-83;b4:5d:50:05:28:01,,-81;b4:5d:50:ea:b5:41,,-81;70:3a:0e:9b:5a:01,,-79;70:3a:0e:a7:8a:c1,,-70;b4:5d:50:ea:ca:81,,-67;70:3a:0e:9b:5a:02,,-60;06:d6:aa:09:e4:e6,,-40;;;;;;;;;;;;;;;;;;;;;;;;;;
55.711523;13.210402;0;point5;55.71166;13.21054;0;;1000.14;17.51549816;03.04.2019 15:06;wifi=70:3a:0e:9b:4d:d0,,-87;70:3a:0e:9b:4d:d2,,-87;70:3a:0e:9b:4d:d1,,-86;70:3a:0e:9a:6f:01,,-85;70:3a:0e:a7:8a:d1,,-83;70:3a:0e:a7:8a:d0,,-83;70:3a:0e:a7:8a:d2,,-83;a8:bd:27:4e:56:42,,-83;7c:d1:c3:cb:3e:fa,,-83;70:3a:0e:9a:75:01,,-82;b4:5d:50:ea:7f:c1,,-82;70:3a:0e:9b:5a:01,,-79;b4:5d:50:ea:c1:71,,-78;b4:5d:50:ea:c1:70,,-78;b4:5d:50:ea:c1:72,,-78;b4:5d:50:ea:b5:41,,-77;b4:5d:50:ea:c1:61,,-77;70:3a:0e:9b:4d:c1,,-70;b4:5d:50:ea:ca:80,,-63;b4:5d:50:ea:ca:82,,-63;b4:5d:50:ea:ca:81,,-62;06:d6:aa:09:e4:e6,,-41;;;;;;;;;;;;;;;;;;;
55.711557;13.210449;0;point6;55.71168;13.21072;0;;1000.13;21.80021223;03.04.2019 15:06;wifi=70:3a:0e:9a:75:31,,-90;b4:5d:50:ea:7f:d1,,-89;70:3a:0e:9a:71:31,,-89;b4:5d:50:ea:7f:d2,,-89;70:3a:0e:9a:71:32,,-89;70:3a:0e:9a:71:30,,-89;70:3a:0e:9b:4d:d0,,-88;b4:5d:50:ea:7f:d0,,-88;70:3a:0e:9b:4d:d1,,-87;b4:5d:50:05:28:10,,-87;70:3a:0e:9b:4d:d2,,-86;b4:5d:50:ea:ae:c1,,-86;b4:5d:50:05:28:01,,-85;b4:5d:50:ea:7c:81,,-84;b4:5d:50:ea:c1:71,,-81;b4:5d:50:ea:c1:70,,-81;b4:5d:50:ea:c1:72,,-81;b4:5d:50:ea:7f:c1,,-80;70:3a:0e:9b:4d:c1,,-77;7c:d1:c3:cb:3e:fb,,-74;b4:5d:50:ea:b5:40,,-73;b4:5d:50:ea:b5:42,,-72;b4:5d:50:ea:b5:41,,-71;b4:5d:50:ea:c1:61,,-69;b4:5d:50:ea:c1:62,,-69;7c:d1:c3:cb:3e:fa,,-65;b4:5d:50:ea:ca:80,,-60;b4:5d:50:ea:ca:82,,-60;b4:5d:50:ea:ca:81,,-59;06:d6:aa:09:e4:e6,,-35;;;;;;;;;;;
55.711557;13.210528;0;point6;55.71172;13.21068;0;;1000.12;20.4734744;03.04.2019 15:06;wifi=70:3a:0e:9a:71:32,,-89;b4:5d:50:ea:b2:d2,,-89;70:3a:0e:9a:71:31,,-88;70:3a:0e:9a:71:30,,-88;b4:5d:50:ea:b2:d1,,-88;b4:5d:50:ea:ae:c1,,-86;b4:5d:50:ea:7f:d1,,-86;b4:5d:50:ea:7f:d0,,-86;b4:5d:50:ea:7f:d2,,-85;b4:5d:50:05:28:01,,-85;b4:5d:50:05:28:10,,-84;b4:5d:50:ea:7c:81,,-84;b4:5d:50:05:28:11,,-84;b4:5d:50:ea:7f:c0,,-79;70:3a:0e:9a:75:01,,-76;b4:5d:50:ea:c1:71,,-74;b4:5d:50:ea:c1:70,,-74;b4:5d:50:ea:c1:72,,-74;7c:d1:c3:cb:3e:fb,,-72;b4:5d:50:ea:c1:61,,-69;b4:5d:50:ea:c1:62,,-69;b4:5d:50:ea:ca:80,,-63;7c:d1:c3:cb:3e:fa,,-63;b4:5d:50:ea:ca:82,,-63;b4:5d:50:ea:ca:81,,-62;b4:5d:50:ea:b5:40,,-61;b4:5d:50:ea:b5:42,,-61;b4:5d:50:ea:b5:41,,-58;06:d6:aa:09:e4:e6,,-35;;;;;;;;;;;;
55.711557;13.210607;0;point6;55.71173;13.21061;0;;1000.11;19.23793015;03.04.2019 15:06;wifi=0c:80:63:e7:4b:67,,-90;b4:5d:50:ea:b2:d1,,-89;b4:5d:50:ea:b2:d2,,-88;0c:80:63:e7:4b:68,,-84;7c:d1:c3:cb:3e:fb,,-83;7c:d1:c3:cb:3e:fa,,-81;70:3a:0e:9a:75:01,,-81;b4:5d:50:ea:b2:c1,,-81;b4:5d:50:ea:b2:c2,,-81;70:3a:0e:9a:71:31,,-80;70:3a:0e:9a:71:32,,-80;70:3a:0e:9a:71:30,,-80;b4:5d:50:ea:7f:c0,,-79;b4:5d:50:05:28:10,,-77;b4:5d:50:05:28:11,,-77;b4:5d:50:ea:7f:d0,,-76;b4:5d:50:ea:7f:d1,,-75;b4:5d:50:ea:7f:d2,,-75;b4:5d:50:ea:ca:80,,-74;b4:5d:50:05:28:01,,-74;b4:5d:50:ea:ca:82,,-73;b4:5d:50:ea:ca:81,,-72;b4:5d:50:ea:ae:c0,,-67;b4:5d:50:ea:ae:c2,,-67;b4:5d:50:ea:ae:c1,,-66;b4:5d:50:ea:7f:c1,,-66;b4:5d:50:ea:c1:70,,-64;b4:5d:50:ea:c1:71,,-63;b4:5d:50:ea:c1:72,,-63;b4:5d:50:ea:b5:40,,-61;b4:5d:50:ea:b5:42,,-61;b4:5d:50:ea:b5:41,,-58;b4:5d:50:ea:c1:61,,-57;b4:5d:50:ea:c1:60,,-56;06:d6:aa:09:e4:e6,,-38;;;;;;
55.711557;13.210686;0;point6;55.71165;13.21083;0;;1000.12;13.72266663;03.04.2019 15:06;wifi=0c:80:63:e7:4b:67,,-89;b4:5d:50:ea:7f:d1,,-88;b4:5d:50:ea:7f:d0,,-88;b4:5d:50:ea:7f:d2,,-87;70:3a:0e:a7:6f:c1,,-87;7c:d1:c3:cb:3e:fb,,-86;70:3a:0e:a7:89:c1,,-86;b4:5d:50:05:28:11,,-84;0c:80:63:e7:4b:68,,-84;70:3a:0e:9b:4d:e0,,-83;70:3a:0e:9a:71:32,,-81;70:3a:0e:9a:75:01,,-81;b4:5d:50:ea:b2:d1,,-81;b4:5d:50:ea:b2:d2,,-81;b4:5d:50:ea:b2:c1,,-81;b4:5d:50:ea:b2:c2,,-81;b4:5d:50:ea:b2:d0,,-81;70:3a:0e:9a:71:31,,-80;b4:5d:50:05:28:10,,-80;70:3a:0e:9a:71:30,,-80;b4:5d:50:ea:ae:c2,,-77;b4:5d:50:ea:ae:c1,,-75;b4:5d:50:ea:ca:80,,-75;b4:5d:50:ea:ca:82,,-75;b4:5d:50:ea:7f:c0,,-75;b4:5d:50:ea:ca:81,,-74;b4:5d:50:05:28:01,,-74;b4:5d:50:ea:c1:71,,-72;b4:5d:50:ea:c1:70,,-72;b4:5d:50:ea:c1:72,,-72;7c:d1:c3:cb:3e:fa,,-72;b4:5d:50:05:28:00,,-70;b4:5d:50:ea:7f:c2,,-69;b4:5d:50:ea:c1:61,,-68;b4:5d:50:ea:7f:c1,,-68;70:3a:0e:9a:71:21,,-67;b4:5d:50:ea:c1:60,,-66;70:3a:0e:9a:71:20,,-66;70:3a:0e:9a:71:22,,-66;b4:5d:50:ea:ae:c0,,-65;06:d6:aa:09:e4:e6,,-34
55.711557;13.210765;0;point6;55.71164;13.21088;0;;1000.14;11.70787421;03.04.2019 15:06;wifi=70:3a:0e:9a:71:31,,-90;0c:80:63:e7:4b:67,,-89;b4:5d:50:ea:7f:d1,,-88;b4:5d:50:ea:7f:d0,,-88;b4:5d:50:ea:c1:72,,-87;b4:5d:50:ea:7f:d2,,-87;b4:5d:50:05:28:10,,-87;b4:5d:50:05:28:11,,-87;b4:5d:50:ea:c1:71,,-86;b4:5d:50:ea:c1:70,,-86;70:3a:0e:9b:4d:e0,,-83;70:3a:0e:9a:6c:a2,,-82;70:3a:0e:9a:71:32,,-81;7c:d1:c3:cb:3e:fa,,-81;70:3a:0e:9a:71:30,,-80;b4:5d:50:ea:b2:d1,,-80;b4:5d:50:ea:b2:d2,,-80;b4:5d:50:ea:b2:d0,,-80;70:3a:0e:9a:6c:a1,,-79;b4:5d:50:ea:ca:82,,-76;b4:5d:50:ea:c1:61,,-75;b4:5d:50:ea:ca:80,,-75;b4:5d:50:ea:7f:c0,,-75;b4:5d:50:ea:ca:81,,-74;b4:5d:50:ea:b2:c2,,-72;b4:5d:50:ea:b2:c1,,-70;b4:5d:50:ea:7f:c1,,-68;b4:5d:50:ea:ae:c1,,-66;b4:5d:50:ea:c1:60,,-66;b4:5d:50:ea:ae:c0,,-65;06:d6:aa:09:e4:e6,,-39;;;;;;;;;;
55.711557;13.210845;0;point7;55.71165;13.21103;0;;1000.12;15.53171649;03.04.2019 15:06;wifi=70:3a:0e:9a:71:31,,-90;b4:5d:50:05:28:10,,-88;b4:5d:50:05:28:11,,-88;b4:5d:50:ea:c1:72,,-87;b4:5d:50:ea:c1:71,,-86;b4:5d:50:ea:c1:70,,-86;70:3a:0e:9a:71:21,,-86;70:3a:0e:a7:6f:c1,,-86;70:3a:0e:9a:6c:a2,,-82;7c:d1:c3:cb:3e:fa,,-81;b4:5d:50:ea:b2:d1,,-80;b4:5d:50:ea:b2:d2,,-80;b4:5d:50:ea:b2:d0,,-80;b4:5d:50:ea:ae:c0,,-79;70:3a:0e:9a:6c:a1,,-79;70:3a:0e:9b:4d:e1,,-79;70:3a:0e:9b:4d:e2,,-77;b4:5d:50:ea:ae:c1,,-76;b4:5d:50:ea:ca:81,,-76;b4:5d:50:ea:ca:82,,-76;b4:5d:50:ea:c1:61,,-75;b4:5d:50:ea:b2:c2,,-74;b4:5d:50:ea:b2:c0,,-74;70:3a:0e:9a:75:21,,-74;b4:5d:50:ea:b2:c1,,-72;70:3a:0e:9a:75:22,,-72;06:d6:aa:09:e4:e6,,-41;;;;;;;;;;;;;;
55.711557;13.210845;0;point7;55.71161;13.2112;0;;1000.09;23.00570427;03.04.2019 15:06;wifi=70:3a:0e:9a:71:31,,-89;0c:80:63:e7:4b:68,,-86;b4:5d:50:05:28:10,,-84;b4:5d:50:05:28:11,,-84;b4:5d:50:ea:ae:c1,,-83;70:3a:0e:a7:6f:c1,,-83;b4:5d:50:ea:ca:80,,-83;b4:5d:50:05:28:01,,-83;70:3a:0e:9a:6c:a1,,-83;b4:5d:50:ea:7c:80,,-82;b4:5d:50:ea:ca:82,,-79;70:3a:0e:9b:4d:e1,,-78;b4:5d:50:ea:ca:81,,-77;70:3a:0e:9b:4d:e0,,-77;70:3a:0e:9b:4d:e2,,-77;b4:5d:50:ea:b2:c1,,-76;70:3a:0e:9a:75:21,,-71;70:3a:0e:9a:75:20,,-69;70:3a:0e:9a:75:22,,-68;06:d6:aa:09:e4:e6,,-39;;;;;;;;;;;;;;;;;;;;;
55.711506;13.210848;0;point7;55.71156;13.21126;0;;1000.11;26.49817466;03.04.2019 15:07;wifi=70:3a:0e:9a:71:31,,-89;70:3a:0e:9a:75:30,,-86;70:3a:0e:9a:75:31,,-85;b4:5d:50:05:28:10,,-84;b4:5d:50:05:28:11,,-84;70:3a:0e:a7:6f:c1,,-83;b4:5d:50:ea:ca:80,,-83;b4:5d:50:ea:7c:80,,-82;70:3a:0e:9a:6c:a2,,-82;70:3a:0e:9a:6c:a1,,-80;b4:5d:50:ea:ca:82,,-79;70:3a:0e:9b:4d:e1,,-78;b4:5d:50:ea:ca:81,,-77;70:3a:0e:9b:4d:e2,,-77;0c:80:63:e7:4b:68,,-76;b4:5d:50:ea:ae:c0,,-73;b4:5d:50:ea:ae:c2,,-73;70:3a:0e:9b:4d:e0,,-72;70:3a:0e:9a:75:21,,-71;b4:5d:50:ea:b2:c0,,-70;70:3a:0e:9a:75:20,,-69;b4:5d:50:ea:b2:c1,,-68;b4:5d:50:ea:b2:c2,,-67;b4:5d:50:ea:b2:d1,,-63;b4:5d:50:ea:b2:d0,,-62;b4:5d:50:ea:b2:d2,,-62;06:d6:aa:09:e4:e6,,-35;;;;;;;;;;;;;;
55.711455;13.210851;0;point7;55.71154;13.21152;0;;1000.18;42.96071365;03.04.2019 15:07;wifi=70:3a:0e:9a:75:30,,-86;70:3a:0e:9a:75:31,,-85;70:3a:0e:9a:6c:a2,,-82;b4:5d:50:ea:b2:d0,,-81;b4:5d:50:ea:b2:d1,,-81;b4:5d:50:ea:b2:d2,,-81;70:3a:0e:9a:6c:a1,,-80;b4:5d:50:ea:b2:c1,,-76;70:3a:0e:a7:6f:c1,,-76;0c:80:63:e7:4b:68,,-76;b4:5d:50:ea:b2:c0,,-76;b4:5d:50:ea:b2:c2,,-76;70:3a:0e:a7:6f:c0,,-74;b4:5d:50:ea:ae:c0,,-73;b4:5d:50:ea:ae:c2,,-73;70:3a:0e:a7:6f:c2,,-73;70:3a:0e:9b:4d:e0,,-72;06:d6:aa:09:e4:e6,,-35;;;;;;;;;;;;;;;;;;;;;;;
55.711404;13.210854;0;point7;55.71138;13.21137;0;;1000.13;32.43371054;03.04.2019 15:07;wifi=b4:5d:50:ea:b2:d2,,-90;70:3a:0e:a7:7e:b1,,-90;b4:5d:50:ea:b2:d1,,-89;70:3a:0e:a7:69:81,,-87;70:3a:0e:9a:7b:70,,-86;70:3a:0e:9a:7b:72,,-86;70:3a:0e:9a:7b:71,,-85;70:3a:0e:9a:7c:a1,,-83;0c:80:63:e7:4b:68,,-83;b4:5d:50:ea:7f:e1,,-82;b4:5d:50:ea:b2:d0,,-80;70:3a:0e:9a:7b:61,,-79;70:3a:0e:9a:7b:60,,-78;b4:5d:50:05:28:00,,-78;b4:5d:50:05:28:01,,-77;b4:5d:50:ea:b2:c1,,-76;70:3a:0e:a7:6f:c1,,-76;b4:5d:50:ea:b2:c0,,-76;b4:5d:50:ea:b2:c2,,-76;70:3a:0e:9a:7b:62,,-76;70:3a:0e:a7:6f:c0,,-74;70:3a:0e:a7:6f:c2,,-73;64:eb:8c:cc:56:e3,,-67;06:d6:aa:09:e4:e6,,-40;;;;;;;;;;;;;;;;;
55.711353;13.210857;0;point7;55.71136;13.21124;0;;1000.1;24.00455482;03.04.2019 15:07;wifi=b4:5d:50:ea:b2:d2,,-90;70:3a:0e:a7:7e:b1,,-90;b4:5d:50:ea:b2:d1,,-89;70:3a:0e:a7:69:81,,-87;70:3a:0e:a7:7e:a1,,-86;54:e4:3a:ec:ca:24,,-86;70:3a:0e:9a:7c:a1,,-83;0c:80:63:e7:4b:68,,-83;b4:5d:50:ea:7f:e1,,-82;70:3a:0e:9a:76:a1,,-82;70:3a:0e:9a:76:a0,,-81;70:3a:0e:9a:7c:a2,,-81;b4:5d:50:ea:b2:d0,,-80;70:3a:0e:9a:7b:61,,-79;70:3a:0e:9a:7b:60,,-78;b4:5d:50:05:28:00,,-78;b4:5d:50:05:28:01,,-77;70:3a:0e:9a:7b:62,,-76;70:3a:0e:9a:7b:70,,-70;70:3a:0e:9a:7b:72,,-70;70:3a:0e:9a:7b:71,,-69;64:eb:8c:cc:56:e3,,-67;06:d6:aa:09:e4:e6,,-43;;;;;;;;;;;;;;;;;;
55.711302;13.21086;0;point7;55.71132;13.21124;0;;1000.11;23.88825647;03.04.2019 15:07;wifi=70:3a:0e:a7:7e:a1,,-86;70:3a:0e:a7:7e:b1,,-85;70:3a:0e:a7:7e:b0,,-85;70:3a:0e:a7:7e:b2,,-85;0c:80:63:e7:4b:68,,-83;70:3a:0e:9a:76:a1,,-82;54:e4:3a:ec:ca:24,,-82;70:3a:0e:9a:76:a0,,-81;70:3a:0e:9a:7c:a2,,-81;70:3a:0e:9a:7b:70,,-78;70:3a:0e:9a:7b:71,,-78;70:3a:0e:9a:7b:72,,-78;70:3a:0e:9a:7b:62,,-69;70:3a:0e:9a:7b:60,,-68;70:3a:0e:9a:7b:61,,-68;06:d6:aa:09:e4:e6,,-43;;;;;;;;;;;;;;;;;;;;;;;;;
55.711251;13.210864;0;point7;55.71128;13.21125;0;;1000.09;24.39449259;03.04.2019 15:07;wifi=70:3a:0e:9a:7b:70,,-87;70:3a:0e:9a:7b:71,,-86;70:3a:0e:9a:7b:72,,-86;0c:80:63:e7:4b:68,,-83;70:3a:0e:a7:7e:b0,,-83;70:3a:0e:a7:7e:b1,,-82;54:e4:3a:ec:ca:24,,-82;70:3a:0e:a7:7e:b2,,-82;70:3a:0e:a7:7e:a1,,-79;70:3a:0e:9a:7b:61,,-78;70:3a:0e:9a:7b:62,,-78;70:3a:0e:9a:7b:60,,-77;70:3a:0e:9a:76:a1,,-76;06:d6:aa:09:e4:e6,,-43;;;;;;;;;;;;;;;;;;;;;;;;;;;
55.7112;13.210867;0;point7;55.71123;13.21131;0;;1000.08;27.95066721;03.04.2019 15:07;wifi=70:3a:0e:9a:7b:70,,-87;70:3a:0e:9a:7b:71,,-86;70:3a:0e:9a:7b:72,,-86;70:3a:0e:9a:73:e1,,-84;70:3a:0e:a7:82:01,,-84;70:3a:0e:9a:7b:61,,-78;70:3a:0e:9a:7b:62,,-78;70:3a:0e:a7:7e:a1,,-78;70:3a:0e:9a:7b:60,,-77;70:3a:0e:a7:7e:a2,,-77;70:3a:0e:9a:76:a1,,-76;70:3a:0e:a7:7e:b0,,-75;70:3a:0e:a7:7e:b2,,-75;70:3a:0e:a7:7e:a0,,-75;70:3a:0e:a7:7e:b1,,-74;06:d6:aa:09:e4:e6,,-41;;;;;;;;;;;;;;;;;;;;;;;;;
55.711149;13.21087;0;point7;55.71115;13.21112;0;;1000.09;15.66115933;03.04.2019 15:07;wifi=70:3a:0e:9a:73:e1,,-85;70:3a:0e:a7:82:01,,-84;70:3a:0e:a7:7e:a1,,-78;70:3a:0e:a7:72:21,,-78;70:3a:0e:a7:7e:a2,,-77;70:3a:0e:a7:72:20,,-77;70:3a:0e:a7:72:22,,-77;70:3a:0e:a7:7e:b1,,-64;70:3a:0e:a7:7e:b0,,-64;70:3a:0e:a7:7e:b2,,-64;70:3a:0e:a7:7e:a0,,-57;06:d6:aa:09:e4:e6,,-43;;;;;;;;;;;;;;;;;;;;;;;;;;;;;
55.711098;13.210873;0;point7;55.71123;13.21129;0;;1000.1;29.96333069;03.04.2019 15:07;wifi=70:3a:0e:a7:72:30,,-86;70:3a:0e:a7:72:32,,-86;70:3a:0e:9a:73:e1,,-85;70:3a:0e:a7:72:31,,-85;70:3a:0e:a7:51:81,,-85;70:3a:0e:a7:70:81,,-84;70:3a:0e:a7:7e:b2,,-82;70:3a:0e:a7:7e:b1,,-81;70:3a:0e:a7:7e:b0,,-81;70:3a:0e:a7:72:22,,-79;70:3a:0e:a7:72:20,,-78;70:3a:0e:a7:72:21,,-78;70:3a:0e:a7:7e:a1,,-75;70:3a:0e:a7:7e:a2,,-74;70:3a:0e:a7:7e:a0,,-73;06:d6:aa:09:e4:e6,,-44;;;;;;;;;;;;;;;;;;;;;;;;;
55.711047;13.210876;0;point7;55.7113;13.2115;0;;1000.12;48.16027524;03.04.2019 15:07;wifi=70:3a:0e:a7:7e:b0,,-90;70:3a:0e:a7:7e:b1,,-89;70:3a:0e:a7:7e:b2,,-89;70:3a:0e:9a:73:e1,,-88;70:3a:0e:a7:51:81,,-85;70:3a:0e:a7:70:81,,-84;70:3a:0e:a7:7e:a1,,-81;70:3a:0e:a7:7e:a2,,-80;70:3a:0e:a7:51:82,,-79;70:3a:0e:a7:72:20,,-78;70:3a:0e:a7:72:30,,-78;70:3a:0e:a7:72:32,,-78;70:3a:0e:a7:72:31,,-77;70:3a:0e:a7:7e:a0,,-73;70:3a:0e:a7:72:21,,-71;70:3a:0e:a7:72:22,,-71;06:d6:aa:09:e4:e6,,-38;;;;;;;;;;;;;;;;;;;;;;;;
55.710996;13.210879;0;point7;55.71119;13.21139;0;;1000.11;38.60109375;03.04.2019 15:07;wifi=70:3a:0e:a7:7e:b0,,-90;70:3a:0e:a7:7e:b1,,-89;70:3a:0e:a7:7e:b2,,-89;70:3a:0e:a7:7e:a1,,-81;70:3a:0e:9a:73:e1,,-81;70:3a:0e:a7:70:21,,-81;70:3a:0e:a7:7e:a2,,-80;70:3a:0e:a7:51:82,,-76;70:3a:0e:a7:72:30,,-72;70:3a:0e:a7:72:31,,-71;70:3a:0e:a7:72:32,,-71;70:3a:0e:a7:72:21,,-61;70:3a:0e:a7:72:20,,-60;70:3a:0e:a7:72:22,,-60;06:d6:aa:09:e4:e6,,-41;;;;;;;;;;;;;;;;;;;;;;;;;;
55.710945;13.210882;0;point7;55.71116;13.21142;0;;1000.08;41.32052709;03.04.2019 15:07;wifi=70:3a:0e:a7:7e:b1,,-90;70:3a:0e:9a:72:81,,-85;70:3a:0e:a7:73:41,,-85;70:3a:0e:a7:72:82,,-83;70:3a:0e:a7:72:81,,-82;70:3a:0e:9a:73:e1,,-81;70:3a:0e:a7:73:40,,-81;70:3a:0e:a7:51:82,,-76;70:3a:0e:a7:70:21,,-74;70:3a:0e:a7:72:30,,-71;70:3a:0e:a7:72:32,,-71;70:3a:0e:a7:70:20,,-71;70:3a:0e:a7:70:22,,-71;70:3a:0e:a7:72:31,,-70;70:3a:0e:a7:72:22,,-68;70:3a:0e:a7:72:21,,-61;70:3a:0e:a7:72:20,,-60;06:d6:aa:09:e4:e6,,-41;;;;;;;;;;;;;;;;;;;;;;;
55.710894;13.210885;0;point7;55.7113;13.21167;0;;1000.08;66.75538015;03.04.2019 15:08;wifi=70:3a:0e:a7:7e:b1,,-90;70:3a:0e:a7:72:32,,-87;70:3a:0e:a7:72:31,,-86;70:3a:0e:a7:72:30,,-86;70:3a:0e:9a:74:30,,-86;70:3a:0e:9a:74:32,,-86;70:3a:0e:9a:72:81,,-85;70:3a:0e:a7:73:41,,-85;70:3a:0e:9a:74:31,,-85;70:3a:0e:a7:72:82,,-83;70:3a:0e:a7:72:81,,-82;70:3a:0e:a7:73:40,,-81;70:3a:0e:a7:70:21,,-80;70:3a:0e:a7:70:22,,-80;70:3a:0e:a7:72:21,,-79;70:3a:0e:a7:72:22,,-78;70:3a:0e:a7:72:20,,-77;70:3a:0e:a7:70:20,,-77;06:d6:aa:09:e4:e6,,-35;;;;;;;;;;;;;;;;;;;;;;
55.710843;13.210888;0;point7;55.71106;13.21148;0;;1000.1;44.24392314;03.04.2019 15:08;wifi=70:3a:0e:9b:42:52,,-90;70:3a:0e:9b:42:51,,-89;70:3a:0e:a7:72:32,,-87;70:3a:0e:a7:72:31,,-86;70:3a:0e:a7:72:30,,-86;70:3a:0e:9a:74:30,,-86;70:3a:0e:9a:74:32,,-86;70:3a:0e:9a:72:81,,-85;70:3a:0e:9a:74:31,,-85;70:3a:0e:a7:70:21,,-80;70:3a:0e:a7:70:22,,-80;70:3a:0e:a7:72:21,,-79;70:3a:0e:a7:72:22,,-78;70:3a:0e:9b:50:a0,,-78;70:3a:0e:9b:50:a1,,-78;70:3a:0e:a7:72:20,,-77;70:3a:0e:a7:70:20,,-77;70:3a:0e:9a:74:21,,-77;70:3a:0e:a7:73:41,,-76;70:3a:0e:9a:74:20,,-73;70:3a:0e:9a:74:22,,-71;06:d6:aa:09:e4:e6,,-38;;;;;;;;;;;;;;;;;;;
55.710792;13.210891;0;point7;55.71082;13.21107;0;;1000.14;11.63761166;03.04.2019 15:08;wifi=70:3a:0e:9b:42:50,,-87;70:3a:0e:a7:73:52,,-87;70:3a:0e:9b:42:51,,-86;70:3a:0e:9b:42:52,,-86;70:3a:0e:a7:7f:e1,,-85;70:3a:0e:a7:7f:e0,,-85;6c:19:8f:f4:48:07,,-85;70:3a:0e:a7:7f:e2,,-85;70:3a:0e:9a:72:81,,-84;f0:99:bf:0a:b5:ae,,-82;70:3a:0e:9b:50:a0,,-78;70:3a:0e:9b:50:a1,,-78;70:3a:0e:a7:73:41,,-71;70:3a:0e:a7:73:40,,-71;70:3a:0e:a7:73:42,,-69;70:3a:0e:9a:74:31,,-59;70:3a:0e:9a:74:30,,-59;70:3a:0e:9a:74:32,,-59;70:3a:0e:9a:74:21,,-53;70:3a:0e:9a:74:22,,-53;70:3a:0e:9a:74:20,,-52;06:d6:aa:09:e4:e6,,-43;;;;;;;;;;;;;;;;;;;
55.710741;13.210894;0;point7;55.71076;13.21116;0;;1000.11;16.79684193;03.04.2019 15:08;wifi=70:3a:0e:a7:7f:f0,,-90;70:3a:0e:a7:7f:f2,,-90;70:3a:0e:9b:42:52,,-88;70:3a:0e:a7:7f:f1,,-88;70:3a:0e:9b:42:51,,-87;70:3a:0e:9b:42:50,,-87;70:3a:0e:a7:73:52,,-87;70:3a:0e:a7:7f:e0,,-85;6c:19:8f:f4:48:07,,-85;70:3a:0e:a7:7f:e2,,-85;70:3a:0e:9a:72:81,,-84;f0:99:bf:0a:b5:ae,,-82;70:3a:0e:9b:44:61,,-82;70:3a:0e:a7:7f:e1,,-80;70:3a:0e:9b:50:a1,,-79;70:3a:0e:9a:74:30,,-77;70:3a:0e:9a:74:32,,-77;70:3a:0e:9a:74:31,,-76;70:3a:0e:a7:73:42,,-75;b4:5d:50:ea:b0:01,,-75;70:3a:0e:9a:7a:40,,-75;70:3a:0e:9b:50:a0,,-74;70:3a:0e:9a:7a:42,,-74;70:3a:0e:9b:50:a2,,-74;70:3a:0e:9a:74:21,,-72;70:3a:0e:a7:73:41,,-71;70:3a:0e:a7:73:40,,-71;70:3a:0e:9a:74:22,,-53;70:3a:0e:9a:74:20,,-52;06:d6:aa:09:e4:e6,,-51;;;;;;;;;;;
55.71069;13.210898;0;point7;55.71076;13.21134;0;;1000.1;28.76194858;03.04.2019 15:08;wifi=70:3a:0e:a7:7f:f0,,-90;70:3a:0e:a7:7f:f2,,-90;70:3a:0e:a7:7f:f1,,-88;70:3a:0e:9a:74:30,,-85;70:3a:0e:9a:74:32,,-85;70:3a:0e:9a:74:31,,-84;70:3a:0e:9b:42:51,,-82;70:3a:0e:9b:42:52,,-82;f0:99:bf:0a:b5:ae,,-82;70:3a:0e:9b:42:50,,-82;70:3a:0e:9b:44:61,,-82;70:3a:0e:a7:7f:e1,,-80;70:3a:0e:9a:74:21,,-75;70:3a:0e:a7:73:42,,-75;70:3a:0e:9a:7a:40,,-75;b4:5d:50:ea:b0:02,,-75;70:3a:0e:9b:50:a0,,-74;b4:5d:50:ea:b0:01,,-74;70:3a:0e:9a:7a:42,,-74;70:3a:0e:9b:50:a2,,-74;b4:5d:50:ea:b0:00,,-74;70:3a:0e:9b:50:a1,,-66;06:d6:aa:09:e4:e6,,-44;;;;;;;;;;;;;;;;;;
55.710639;13.210901;0;point7;55.71071;13.21137;0;;1000.09;30.42228249;03.04.2019 15:08;wifi=b4:5d:50:ea:9c:90,,-88;b4:5d:50:ea:9c:91,,-88;70:3a:0e:9a:76:01,,-88;b4:5d:50:ea:9c:92,,-88;70:3a:0e:9a:74:31,,-86;70:3a:0e:9a:74:30,,-86;70:3a:0e:9a:74:32,,-86;70:3a:0e:9b:4d:81,,-83;f0:5c:19:b9:d5:60,,-83;70:3a:0e:9b:44:61,,-82;70:3a:0e:9b:4d:80,,-82;70:3a:0e:9b:4d:82,,-81;70:3a:0e:9a:7a:40,,-79;70:3a:0e:9a:7a:42,,-79;70:3a:0e:9a:7a:41,,-79;70:3a:0e:9b:42:51,,-78;70:3a:0e:9b:42:52,,-78;70:3a:0e:9b:42:50,,-78;70:3a:0e:9b:42:41,,-78;b4:5d:50:ea:9c:81,,-77;70:3a:0e:9b:42:42,,-77;b4:5d:50:ea:9c:80,,-76;70:3a:0e:9a:74:21,,-75;b4:5d:50:ea:b0:02,,-75;70:3a:0e:9b:50:a0,,-74;b4:5d:50:ea:b0:01,,-74;b4:5d:50:ea:b0:00,,-74;70:3a:0e:9b:50:a2,,-65;70:3a:0e:9b:50:a1,,-59;06:d6:aa:09:e4:e6,,-43;;;;;;;;;;;
55.710588;13.210904;0;point7;55.71071;13.21137;0;;1000.1;32.19020637;03.04.2019 15:08;wifi=70:3a:0e:9a:74:31,,-90;70:3a:0e:9b:44:70,,-87;70:3a:0e:9b:44:72,,-87;70:3a:0e:9a:74:21,,-86;70:3a:0e:9b:44:71,,-86;f0:5c:19:b9:d5:61,,-86;b4:5d:50:ea:9c:90,,-85;b4:5d:50:ea:9c:91,,-85;b4:5d:50:ea:ad:a1,,-85;b4:5d:50:ea:9c:92,,-84;70:3a:0e:9b:4d:81,,-83;f0:5c:19:b9:d5:60,,-83;70:3a:0e:9b:4d:80,,-82;70:3a:0e:9b:4d:82,,-81;70:3a:0e:9b:42:50,,-79;70:3a:0e:9b:42:51,,-78;70:3a:0e:9b:42:52,,-78;00:1e:c0:3b:41:1b,,-78;70:3a:0e:9b:42:42,,-70;70:3a:0e:9b:42:40,,-70;b4:5d:50:ea:9c:82,,-70;b4:5d:50:ea:9c:80,,-69;70:3a:0e:9b:42:41,,-69;b4:5d:50:ea:9c:81,,-68;70:3a:0e:9b:44:61,,-66;70:3a:0e:9b:50:a1,,-63;06:d6:aa:09:e4:e6,,-35;;;;;;;;;;;;;;
55.710576;13.210906;0;point8;55.71061;13.21131;0;;1000.16;25.5890695;03.04.2019 15:08;wifi=70:3a:0e:9b:50:61,,-88;70:3a:0e:9b:42:52,,-85;70:3a:0e:9b:42:50,,-85;70:3a:0e:9b:44:70,,-85;70:3a:0e:9b:44:72,,-85;70:3a:0e:9a:74:30,,-85;70:3a:0e:9a:74:32,,-85;70:3a:0e:9a:74:31,,-84;70:3a:0e:9b:42:51,,-84;70:3a:0e:9b:44:71,,-84;70:3a:0e:9b:4d:81,,-83;f0:5c:19:b9:d5:61,,-83;b4:5d:50:ea:9c:90,,-82;b4:5d:50:ea:9c:91,,-82;b4:5d:50:ea:9c:92,,-82;b4:5d:50:ea:ad:a1,,-79;70:3a:0e:9b:42:40,,-78;00:1e:c0:3b:41:1b,,-77;70:3a:0e:9b:44:61,,-71;b4:5d:50:ea:9c:82,,-67;b4:5d:50:ea:9c:81,,-66;b4:5d:50:ea:9c:80,,-66;70:3a:0e:9b:50:a1,,-64;70:3a:0e:9b:50:a0,,-60;70:3a:0e:9b:50:a2,,-58;06:d6:aa:09:e4:e6,,-48;;;;;;;;;;;;;;;
55.710622;13.210905;0;point8;55.71068;13.21135;0;;1000.11;28.61287514;03.04.2019 15:08;wifi=70:3a:0e:9b:50:61,,-88;70:3a:0e:9b:42:51,,-86;70:3a:0e:9b:42:52,,-86;70:3a:0e:9b:42:50,,-86;b4:5d:50:ea:9c:90,,-86;b4:5d:50:ea:9c:92,,-86;70:3a:0e:a7:7f:e1,,-86;70:3a:0e:9b:44:70,,-85;70:3a:0e:9b:44:72,,-85;b4:5d:50:ea:9c:91,,-84;70:3a:0e:9b:44:71,,-84;70:3a:0e:9b:4d:81,,-84;70:3a:0e:9a:73:a1,,-84;f0:5c:19:b9:d5:61,,-83;70:3a:0e:9b:4d:80,,-83;70:3a:0e:9a:7a:42,,-83;70:3a:0e:9a:74:31,,-82;70:3a:0e:9a:74:30,,-82;70:3a:0e:9a:74:32,,-82;70:3a:0e:9a:7a:40,,-82;70:3a:0e:9a:7a:41,,-81;70:3a:0e:9b:44:61,,-80;b4:5d:50:ea:b0:00,,-80;b4:5d:50:ea:ad:a1,,-79;b4:5d:50:ea:b0:02,,-79;70:3a:0e:9b:42:40,,-78;00:1e:c0:3b:41:1b,,-77;b4:5d:50:ea:9c:81,,-74;70:3a:0e:9b:50:a0,,-61;70:3a:0e:9b:50:a1,,-60;70:3a:0e:9b:50:a2,,-58;06:d6:aa:09:e4:e6,,-44;;;;;;;;;
55.710669;13.210904;0;point8;55.71073;13.21146;0;;1000.12;35.48447267;03.04.2019 15:08;wifi=70:3a:0e:9b:42:51,,-86;70:3a:0e:9b:42:52,,-86;70:3a:0e:9b:42:50,,-86;b4:5d:50:ea:9c:90,,-86;b4:5d:50:ea:9c:92,,-86;70:3a:0e:a7:7f:e1,,-86;b4:5d:50:ea:9c:91,,-84;70:3a:0e:9b:4d:81,,-84;70:3a:0e:9a:73:a1,,-84;f0:99:bf:0a:b5:ae,,-84;70:3a:0e:9b:4d:80,,-83;70:3a:0e:9a:7a:42,,-83;70:3a:0e:9a:7a:40,,-82;70:3a:0e:9a:74:30,,-81;70:3a:0e:9a:74:32,,-81;70:3a:0e:9a:74:21,,-81;70:3a:0e:9a:74:31,,-80;70:3a:0e:9b:44:61,,-80;70:3a:0e:9a:74:20,,-78;70:3a:0e:9a:74:22,,-76;70:3a:0e:9b:50:a1,,-74;b4:5d:50:ea:9c:81,,-74;70:3a:0e:9a:7a:41,,-73;b4:5d:50:ea:b0:00,,-71;b4:5d:50:ea:b0:02,,-70;b4:5d:50:ea:b0:01,,-70;70:3a:0e:9b:50:a0,,-61;06:d6:aa:09:e4:e6,,-45;;;;;;;;;;;;;
55.710715;13.210904;0;point8;55.71082;13.21126;0;;1000.09;25.1727168;03.04.2019 15:09;wifi=70:3a:0e:a7:7f:f1,,-90;f0:99:bf:0a:b5:ae,,-84;f0:5c:19:b9:d5:60,,-82;f0:5c:19:b9:d5:61,,-82;b4:5d:50:ea:b0:01,,-77;70:3a:0e:a7:73:41,,-77;70:3a:0e:a7:73:40,,-76;70:3a:0e:a7:73:42,,-76;70:3a:0e:9b:50:a1,,-74;70:3a:0e:9a:74:31,,-73;70:3a:0e:9a:74:30,,-73;70:3a:0e:9a:74:32,,-73;70:3a:0e:9a:7a:41,,-73;b4:5d:50:ea:b0:00,,-71;b4:5d:50:ea:b0:02,,-70;70:3a:0e:9a:74:21,,-63;70:3a:0e:9a:74:20,,-62;70:3a:0e:9a:74:22,,-62;06:d6:aa:09:e4:e6,,-45;;;;;;;;;;;;;;;;;;;;;;
55.710761;13.210903;0;point9;55.71089;13.21112;0;;1000.13;19.76205415;03.04.2019 15:09;wifi=70:3a:0e:a7:7f:f1,,-89;70:3a:0e:a7:7f:f0,,-89;70:3a:0e:a7:7f:f2,,-89;70:3a:0e:a7:73:52,,-84;f0:5c:19:b9:d5:61,,-83;70:3a:0e:a7:73:51,,-83;70:3a:0e:a7:73:50,,-83;f0:5c:19:b9:d5:60,,-79;70:3a:0e:a7:73:42,,-78;b4:5d:50:ea:b0:01,,-77;70:3a:0e:a7:73:40,,-77;70:3a:0e:a7:73:41,,-77;70:3a:0e:9a:74:30,,-68;70:3a:0e:9a:74:32,,-68;70:3a:0e:9a:74:31,,-67;70:3a:0e:9a:74:20,,-62;70:3a:0e:9a:74:22,,-62;70:3a:0e:9a:74:21,,-61;06:d6:aa:09:e4:e6,,-46;;;;;;;;;;;;;;;;;;;;;;
55.71076;13.210947;0;point9;55.71084;13.21125;0;;1000.13;20.96200616;03.04.2019 15:11;wifi=b4:5d:50:ea:b0:01,,-87;70:3a:0e:9a:73:a1,,-85;70:3a:0e:a7:7f:f0,,-83;70:3a:0e:a7:7f:f2,,-83;70:3a:0e:a7:7f:f1,,-82;70:3a:0e:a7:73:50,,-81;70:3a:0e:a7:73:52,,-81;70:3a:0e:a7:73:51,,-80;70:3a:0e:9a:76:01,,-80;70:3a:0e:9a:76:02,,-80;70:3a:0e:9b:4d:81,,-76;70:3a:0e:a7:7f:e1,,-73;70:3a:0e:9a:74:21,,-68;70:3a:0e:9a:74:31,,-67;70:3a:0e:9a:74:30,,-67;70:3a:0e:9a:74:32,,-67;70:3a:0e:9a:74:20,,-67;70:3a:0e:9a:74:22,,-67;70:3a:0e:a7:73:41,,-63;70:3a:0e:a7:73:40,,-63;70:3a:0e:a7:73:42,,-63;06:d6:aa:09:e4:e6,,-42;;;;;;;;;;;;;;;;;;;
55.710759;13.211003;0;point9;55.71085;13.21125;0;;1000.14;18.48826844;03.04.2019 15:11;wifi=70:3a:0e:a7:7f:f2,,-89;70:3a:0e:a7:7f:f0,,-88;70:3a:0e:a7:7f:f1,,-87;70:3a:0e:9a:73:a1,,-85;b4:5d:50:ea:b0:01,,-85;70:3a:0e:9a:7a:41,,-85;f0:5c:19:b9:d5:61,,-79;70:3a:0e:9b:4d:80,,-79;70:3a:0e:a7:73:50,,-78;70:3a:0e:a7:73:52,,-78;70:3a:0e:a7:73:51,,-77;70:3a:0e:9b:4d:81,,-74;70:3a:0e:9b:4d:82,,-74;70:3a:0e:a7:7f:e1,,-73;70:3a:0e:a7:7f:e2,,-72;70:3a:0e:a7:73:41,,-70;70:3a:0e:9a:74:31,,-69;70:3a:0e:9a:74:30,,-69;70:3a:0e:9a:74:32,,-69;70:3a:0e:a7:73:42,,-69;70:3a:0e:a7:73:40,,-68;70:3a:0e:9a:74:21,,-64;70:3a:0e:9a:74:20,,-64;70:3a:0e:9a:74:22,,-63;06:d6:aa:09:e4:e6,,-42;;;;;;;;;;;;;;;;
55.710758;13.211058;0;point9;55.71079;13.21117;0;;1000.13;7.866465048;03.04.2019 15:11;wifi=70:3a:0e:a7:7f:f1,,-89;70:3a:0e:a7:7f:f2,,-89;70:3a:0e:9a:74:31,,-88;70:3a:0e:9a:74:30,,-88;70:3a:0e:a7:7f:f0,,-88;70:3a:0e:9a:74:32,,-87;70:3a:0e:9a:74:21,,-83;70:3a:0e:a7:7f:e1,,-83;70:3a:0e:9a:7c:61,,-82;70:3a:0e:9a:73:a2,,-81;70:3a:0e:9a:73:a1,,-80;70:3a:0e:9b:4d:81,,-74;70:3a:0e:9b:4d:82,,-74;70:3a:0e:a7:7f:e2,,-72;00:1e:c0:3b:41:1b,,-72;70:3a:0e:9a:74:20,,-64;70:3a:0e:9a:74:22,,-63;70:3a:0e:a7:73:41,,-56;70:3a:0e:a7:73:50,,-54;70:3a:0e:a7:73:52,,-54;70:3a:0e:a7:73:51,,-53;70:3a:0e:a7:73:40,,-53;70:3a:0e:a7:73:42,,-52;06:d6:aa:09:e4:e6,,-46;;;;;;;;;;;;;;;;;
55.710756;13.211113;0;point9;55.71069;13.21141;0;;1000.16;20.0005039;03.04.2019 15:11;wifi=70:3a:0e:9a:74:31,,-90;70:3a:0e:a7:7f:f1,,-89;70:3a:0e:9a:74:30,,-88;70:3a:0e:9a:74:32,,-87;70:3a:0e:a7:73:51,,-85;70:3a:0e:a7:73:50,,-85;70:3a:0e:a7:73:52,,-85;70:3a:0e:9a:74:21,,-83;70:3a:0e:a7:7f:e1,,-83;70:3a:0e:9a:7c:61,,-82;70:3a:0e:9a:7c:60,,-80;70:3a:0e:a7:73:41,,-78;70:3a:0e:a7:73:42,,-73;70:3a:0e:a7:73:40,,-72;70:3a:0e:9a:73:a1,,-69;70:3a:0e:9a:73:a2,,-69;70:3a:0e:9a:73:a0,,-68;00:1e:c0:3b:41:1b,,-64;70:3a:0e:9a:76:01,,-63;70:3a:0e:9a:76:00,,-63;70:3a:0e:9a:76:02,,-63;06:d6:aa:09:e4:e6,,-44;;;;;;;;;;;;;;;;;;;
55.710755;13.211168;0;point9;55.71053;13.21145;0;;1000.14;30.62719241;03.04.2019 15:11;wifi=70:3a:0e:9a:74:31,,-90;70:3a:0e:a7:73:51,,-85;70:3a:0e:a7:73:50,,-85;70:3a:0e:a7:73:52,,-85;70:3a:0e:9a:73:a0,,-81;70:3a:0e:a7:73:41,,-78;70:3a:0e:9a:7a:e1,,-77;70:3a:0e:a7:73:42,,-73;70:3a:0e:a7:73:40,,-72;00:1e:c0:3b:41:1b,,-70;70:3a:0e:9a:7c:60,,-70;70:3a:0e:9a:7c:62,,-70;70:3a:0e:9a:73:a1,,-69;70:3a:0e:9a:7c:61,,-69;70:3a:0e:9a:73:a2,,-69;06:d6:aa:09:e4:e6,,-53;70:3a:0e:9a:76:01,,-50;70:3a:0e:9a:76:00,,-49;70:3a:0e:9a:76:02,,-49;;;;;;;;;;;;;;;;;;;;;;
55.710754;13.211202;0;point10;55.71055;13.21146;0;;1000.11;27.85263151;03.04.2019 15:12;wifi=70:3a:0e:9b:44:61,,-88;70:3a:0e:a7:7f:e1,,-86;70:3a:0e:9a:74:21,,-85;70:3a:0e:a7:73:50,,-84;70:3a:0e:a7:73:52,,-84;70:3a:0e:9a:74:31,,-84;70:3a:0e:9a:74:30,,-84;70:3a:0e:9a:74:32,,-84;70:3a:0e:a7:73:51,,-83;70:3a:0e:9a:7a:e1,,-80;70:3a:0e:9a:7a:e0,,-79;70:3a:0e:9a:7a:e2,,-79;70:3a:0e:9a:73:a1,,-78;70:3a:0e:9a:73:a2,,-77;70:3a:0e:a7:73:41,,-76;70:3a:0e:9a:7c:60,,-74;00:1e:c0:3b:41:1b,,-73;70:3a:0e:9a:7c:61,,-73;70:3a:0e:9a:7c:62,,-73;06:d6:aa:09:e4:e6,,-50;70:3a:0e:9a:76:00,,-50;70:3a:0e:9a:76:02,,-50;70:3a:0e:9a:76:01,,-49;;;;;;;;;;;;;;;;;;
55.710756;13.21114;0;point10;55.71084;13.21147;0;;1000.11;22.68476909;03.04.2019 15:12;wifi=70:3a:0e:9b:44:61,,-88;70:3a:0e:a7:7f:e1,,-86;70:3a:0e:9a:74:22,,-85;70:3a:0e:9a:74:31,,-83;70:3a:0e:9a:74:30,,-83;70:3a:0e:9a:74:32,,-83;70:3a:0e:a7:73:50,,-82;70:3a:0e:9a:74:21,,-82;70:3a:0e:a7:73:51,,-81;70:3a:0e:a7:73:52,,-81;70:3a:0e:9a:73:a1,,-78;70:3a:0e:9a:73:a2,,-77;70:3a:0e:a7:73:41,,-76;70:3a:0e:9a:7c:60,,-74;70:3a:0e:9a:7a:e2,,-74;70:3a:0e:9a:7c:61,,-73;70:3a:0e:9a:7a:e1,,-73;70:3a:0e:9a:7c:62,,-73;70:3a:0e:9a:7a:e0,,-73;00:1e:c0:3b:41:1b,,-67;06:d6:aa:09:e4:e6,,-44;;;;;;;;;;;;;;;;;;;;
55.710757;13.211077;0;point10;55.71081;13.21136;0;;1000.09;18.68224393;03.04.2019 15:12;wifi=70:3a:0e:a7:7f:e1,,-86;70:3a:0e:9a:74:30,,-85;70:3a:0e:9a:74:32,,-85;70:3a:0e:9a:74:22,,-85;70:3a:0e:9b:4d:81,,-85;70:3a:0e:9a:74:31,,-84;70:3a:0e:9a:74:21,,-84;70:3a:0e:a7:7f:e2,,-84;70:3a:0e:9b:4d:82,,-83;70:3a:0e:9a:7c:61,,-81;70:3a:0e:9a:7c:60,,-81;70:3a:0e:9a:7c:62,,-80;70:3a:0e:9a:7a:e2,,-74;70:3a:0e:a7:73:50,,-73;70:3a:0e:a7:73:52,,-73;70:3a:0e:9a:7a:e1,,-73;70:3a:0e:9a:7a:e0,,-73;70:3a:0e:a7:73:51,,-72;70:3a:0e:9a:73:a1,,-72;70:3a:0e:9a:73:a2,,-71;70:3a:0e:9a:73:a0,,-71;70:3a:0e:9a:76:01,,-68;70:3a:0e:9a:76:02,,-68;00:1e:c0:3b:41:1b,,-67;70:3a:0e:9a:76:00,,-67;70:3a:0e:a7:73:41,,-61;70:3a:0e:a7:73:42,,-58;70:3a:0e:a7:73:40,,-57;06:d6:aa:09:e4:e6,,-41;;;;;;;;;;;;
55.710759;13.211015;0;point10;55.71076;13.21128;0;;1000.07;16.60092379;03.04.2019 15:12;wifi=70:3a:0e:9a:72:91,,-91;70:3a:0e:a7:7f:f1,,-88;70:3a:0e:9a:73:a1,,-85;70:3a:0e:9b:4d:81,,-85;70:3a:0e:9b:4d:82,,-83;70:3a:0e:9a:7c:61,,-81;70:3a:0e:9a:7c:60,,-81;70:3a:0e:9a:72:81,,-81;70:3a:0e:9a:7c:62,,-80;70:3a:0e:9a:72:80,,-79;70:3a:0e:a7:7f:e1,,-77;70:3a:0e:9a:74:31,,-74;70:3a:0e:9a:74:30,,-74;70:3a:0e:9a:74:32,,-74;70:3a:0e:a7:7f:e2,,-74;70:3a:0e:a7:7f:e0,,-74;70:3a:0e:a7:73:50,,-72;70:3a:0e:a7:73:51,,-71;70:3a:0e:a7:73:52,,-71;70:3a:0e:9a:73:a2,,-71;70:3a:0e:9a:73:a0,,-71;70:3a:0e:9a:76:01,,-68;70:3a:0e:9a:76:02,,-68;00:1e:c0:3b:41:1b,,-67;70:3a:0e:9a:76:00,,-67;70:3a:0e:a7:73:41,,-62;70:3a:0e:a7:73:40,,-59;70:3a:0e:a7:73:42,,-59;06:d6:aa:09:e4:e6,,-45;;;;;;;;;;;;
55.710761;13.210953;0;point10;55.7109;13.21125;0;;1000.1;24.18782977;03.04.2019 15:12;wifi=70:3a:0e:a7:7f:f1,,-91;70:3a:0e:9a:72:91,,-91;f0:5c:19:b9:d5:61,,-88;70:3a:0e:a7:73:52,,-85;70:3a:0e:9a:73:a1,,-85;b4:5d:50:ea:b0:00,,-85;f0:5c:19:b9:d5:60,,-84;b4:5d:50:ea:84:21,,-84;70:3a:0e:a7:73:51,,-83;70:3a:0e:9b:50:a2,,-83;b4:5d:50:ea:b0:01,,-82;70:3a:0e:9a:72:81,,-81;70:3a:0e:9a:7a:41,,-81;70:3a:0e:a7:7f:e1,,-80;70:3a:0e:9a:72:80,,-79;70:3a:0e:a7:73:41,,-78;70:3a:0e:a7:7f:e2,,-74;70:3a:0e:a7:7f:e0,,-74;70:3a:0e:a7:73:50,,-72;70:3a:0e:9a:74:30,,-68;70:3a:0e:9a:74:32,,-68;70:3a:0e:9a:74:31,,-67;70:3a:0e:9a:74:21,,-61;70:3a:0e:9a:74:20,,-60;70:3a:0e:9a:74:22,,-60;70:3a:0e:a7:73:40,,-59;70:3a:0e:a7:73:42,,-59;06:d6:aa:09:e4:e6,,-38;;;;;;;;;;;;;
55.710775;13.210897;0;point11;55.71079;13.21114;0;;1000.12;15.31374334;03.04.2019 15:12;wifi=70:3a:0e:9b:42:52,,-88;70:3a:0e:9b:42:50,,-87;70:3a:0e:9b:42:51,,-87;70:3a:0e:a7:73:52,,-85;f0:5c:19:b9:d5:71,,-85;f0:5c:19:b9:d5:70,,-85;b4:5d:50:ea:b0:02,,-85;70:3a:0e:9b:4d:81,,-84;70:3a:0e:a7:7f:e2,,-83;70:3a:0e:a7:73:41,,-80;70:3a:0e:9a:7a:41,,-79;70:3a:0e:9a:7a:42,,-77;70:3a:0e:9b:50:a2,,-75;70:3a:0e:9b:50:a1,,-75;f0:5c:19:b9:d5:61,,-72;f0:5c:19:b9:d5:60,,-71;70:3a:0e:9a:74:31,,-60;70:3a:0e:9a:74:30,,-60;70:3a:0e:9a:74:32,,-60;70:3a:0e:9a:74:21,,-60;70:3a:0e:9a:74:20,,-58;70:3a:0e:9a:74:22,,-58;06:d6:aa:09:e4:e6,,-48;;;;;;;;;;;;;;;;;;
55.710807;13.21088;0;point11;55.71087;13.21116;0;;1000.08;18.88759166;03.04.2019 15:12;wifi=70:3a:0e:9a:72:81,,-87;70:3a:0e:a7:70:21,,-86;70:3a:0e:a7:7f:e1,,-86;70:3a:0e:a7:73:52,,-85;b4:5d:50:ea:b0:02,,-85;70:3a:0e:9a:7a:41,,-84;f0:5c:19:b9:d5:71,,-84;f0:5c:19:b9:d5:70,,-84;70:3a:0e:9b:4d:81,,-84;70:3a:0e:a7:7f:e2,,-83;70:3a:0e:a7:73:41,,-80;f0:5c:19:b9:d5:60,,-77;70:3a:0e:a7:73:40,,-76;70:3a:0e:a7:73:42,,-76;f0:5c:19:b9:d5:61,,-75;70:3a:0e:9a:74:31,,-66;70:3a:0e:9a:74:30,,-66;70:3a:0e:9a:74:32,,-66;70:3a:0e:9a:74:21,,-58;70:3a:0e:9a:74:20,,-57;70:3a:0e:9a:74:22,,-57;06:d6:aa:09:e4:e6,,-42;;;;;;;;;;;;;;;;;;;
55.71084;13.210864;0;point11;55.71099;13.21138;0;;1000.07;36.37372568;03.04.2019 15:12;wifi=70:3a:0e:a7:8a:72,,-88;70:3a:0e:9a:72:81,,-87;70:3a:0e:a7:8a:70,,-87;70:3a:0e:a7:8a:71,,-87;70:3a:0e:a7:7f:e1,,-86;70:3a:0e:9a:7a:41,,-84;f0:5c:19:b9:d5:71,,-84;f0:5c:19:b9:d5:70,,-84;70:3a:0e:9a:74:30,,-83;70:3a:0e:9a:74:32,,-83;70:3a:0e:9a:74:31,,-82;70:3a:0e:a7:73:41,,-80;70:3a:0e:a7:70:21,,-80;70:3a:0e:a7:7f:42,,-80;70:3a:0e:a7:7f:41,,-79;70:3a:0e:a7:7f:40,,-79;f0:5c:19:b9:d5:60,,-77;70:3a:0e:a7:73:40,,-76;70:3a:0e:a7:73:42,,-76;f0:5c:19:b9:d5:61,,-75;70:3a:0e:9a:74:20,,-73;70:3a:0e:9a:74:21,,-73;70:3a:0e:9a:74:22,,-73;06:d6:aa:09:e4:e6,,-43;;;;;;;;;;;;;;;;;
55.710853;13.210858;0;point12;55.71113;13.21149;0;;1000.07;50.16106608;03.04.2019 15:12;wifi=70:3a:0e:9a:74:31,,-87;70:3a:0e:9a:74:30,,-87;70:3a:0e:9a:74:32,,-87;70:3a:0e:a7:72:30,,-87;70:3a:0e:a7:72:32,,-87;70:3a:0e:a7:72:31,,-86;f0:5c:19:b9:d5:60,,-86;70:3a:0e:a7:8a:e2,,-86;b4:5d:50:ea:c5:01,,-85;70:3a:0e:a7:8a:72,,-84;70:3a:0e:a7:8a:70,,-83;70:3a:0e:a7:8a:71,,-83;70:3a:0e:a7:85:a1,,-83;70:3a:0e:a7:85:a2,,-81;70:3a:0e:a7:8a:60,,-80;70:3a:0e:a7:8a:61,,-80;70:3a:0e:a7:70:21,,-78;70:3a:0e:a7:7f:41,,-78;70:3a:0e:a7:7f:42,,-78;70:3a:0e:9a:74:21,,-78;70:3a:0e:a7:7f:40,,-77;70:3a:0e:a7:70:22,,-74;70:3a:0e:a7:70:20,,-73;06:d6:aa:09:e4:e6,,-45;;;;;;;;;;;;;;;;;
55.710858;13.210759;0;point12;55.71108;13.21146;0;;1000.04;50.37594682;03.04.2019 15:13;wifi=70:3a:0e:9a:74:31,,-87;70:3a:0e:9a:74:30,,-87;70:3a:0e:9a:74:32,,-87;70:3a:0e:a7:72:32,,-85;70:3a:0e:a7:72:30,,-84;70:3a:0e:a7:72:31,,-84;70:3a:0e:a7:85:a1,,-82;70:3a:0e:a7:85:a2,,-82;70:3a:0e:a7:85:a0,,-82;70:3a:0e:a7:8a:70,,-80;70:3a:0e:a7:8a:72,,-80;70:3a:0e:a7:8a:60,,-80;b4:5d:50:ea:c5:01,,-80;70:3a:0e:a7:8a:71,,-79;70:3a:0e:a7:70:21,,-78;70:3a:0e:a7:7f:41,,-78;70:3a:0e:a7:7f:42,,-78;70:3a:0e:9a:74:21,,-78;70:3a:0e:a7:7f:40,,-77;70:3a:0e:a7:72:20,,-76;70:3a:0e:a7:72:22,,-76;70:3a:0e:a7:72:21,,-75;70:3a:0e:a7:8a:61,,-74;70:3a:0e:a7:70:22,,-74;70:3a:0e:a7:70:20,,-73;06:d6:aa:09:e4:e6,,-47;;;;;;;;;;;;;;;
55.710862;13.210661;0;point12;55.71111;13.2109;0;;1000.07;31.37837797;03.04.2019 15:13;wifi=b4:5d:50:ea:ab:d2,,-89;f0:5c:19:bd:40:f1,,-88;b4:5d:50:ea:ab:d0,,-88;b4:5d:50:ea:ab:d1,,-88;70:3a:0e:a7:85:a1,,-87;f0:5c:19:bd:40:f0,,-87;7c:d1:c3:cb:38:a0,,-86;70:3a:0e:a7:72:32,,-85;70:3a:0e:a7:72:30,,-84;70:3a:0e:a7:72:31,,-84;b4:5d:50:ea:c5:01,,-80;f0:5c:19:b9:d5:71,,-80;f0:5c:19:b9:d5:70,,-80;b8:09:8a:ce:5e:21,,-77;70:3a:0e:a7:72:20,,-76;70:3a:0e:a7:72:22,,-76;70:3a:0e:a7:72:21,,-75;70:3a:0e:a7:70:20,,-73;70:3a:0e:a7:85:a2,,-72;70:3a:0e:a7:85:a0,,-72;f0:5c:19:bd:40:e1,,-72;70:3a:0e:a7:8a:e2,,-71;f0:5c:19:b9:d5:61,,-70;70:3a:0e:a7:8a:70,,-68;70:3a:0e:a7:8a:72,,-68;70:3a:0e:a7:8a:71,,-67;f0:5c:19:b9:d5:60,,-64;70:3a:0e:a7:8a:61,,-62;70:3a:0e:a7:8a:60,,-56;70:3a:0e:a7:8a:62,,-56;06:d6:aa:09:e4:e6,,-50;;;;;;;;;;
55.710867;13.210562;0;point12;55.71115;13.21097;0;;1000.06;40.53992896;03.04.2019 15:13;wifi=70:3a:0e:a7:85:a1,,-87;b4:5d:50:ea:ab:d0,,-87;b4:5d:50:ea:ab:d1,,-87;b4:5d:50:ea:ab:d2,,-87;7c:d1:c3:cb:38:a0,,-86;f0:5c:19:bd:40:f0,,-85;f0:5c:19:bd:40:f1,,-85;f0:5c:19:b9:d5:71,,-84;f0:5c:19:b9:d5:70,,-84;b4:5d:50:ea:8f:40,,-84;b4:5d:50:ea:ab:c1,,-82;b8:09:8a:ce:5e:21,,-81;70:3a:0e:a7:7f:41,,-76;70:3a:0e:a7:7f:42,,-75;70:3a:0e:9b:4e:62,,-75;70:3a:0e:a7:7f:40,,-75;f0:5c:19:bd:40:e1,,-74;70:3a:0e:a7:8a:70,,-73;70:3a:0e:a7:8a:71,,-73;70:3a:0e:a7:8a:72,,-73;70:3a:0e:a7:85:a2,,-72;70:3a:0e:a7:85:a0,,-72;f0:5c:19:b9:d5:60,,-72;70:3a:0e:9b:4e:60,,-70;70:3a:0e:a7:8a:e1,,-68;f0:5c:19:b9:d5:61,,-67;70:3a:0e:a7:8a:e2,,-67;70:3a:0e:a7:8a:61,,-58;70:3a:0e:a7:8a:62,,-56;70:3a:0e:a7:8a:60,,-55;06:d6:aa:09:e4:e6,,-48;;;;;;;;;;
55.710871;13.210464;0;point12;55.71114;13.21063;0;;1000.09;31.66757518;03.04.2019 15:13;wifi=70:3a:0e:a7:8a:70,,-87;70:3a:0e:a7:8a:71,,-87;70:3a:0e:a7:8a:72,,-87;f0:5c:19:bd:40:e1,,-87;f0:5c:19:bd:40:f0,,-85;f0:5c:19:bd:40:f1,,-85;70:3a:0e:a7:87:11,,-85;70:3a:0e:a7:87:10,,-85;b4:5d:50:ea:e2:72,,-85;70:3a:0e:a7:87:12,,-85;f0:5c:19:b9:d5:71,,-84;f0:5c:19:b9:d5:70,,-84;b4:5d:50:ea:8f:40,,-84;70:3a:0e:a7:87:01,,-84;b8:09:8a:ce:5e:21,,-81;b4:5d:50:ea:ab:d1,,-81;b4:5d:50:ea:ab:d0,,-80;b4:5d:50:ea:ab:d2,,-80;70:3a:0e:9b:5c:20,,-77;b4:5d:50:ea:ab:c2,,-77;70:3a:0e:a7:7f:41,,-76;b4:5d:50:ea:ab:c0,,-76;70:3a:0e:a7:7f:42,,-75;70:3a:0e:a7:7f:40,,-75;70:3a:0e:a7:8a:62,,-74;b4:5d:50:ea:ab:c1,,-74;70:3a:0e:9b:58:41,,-74;f0:5c:19:b9:d5:60,,-72;70:3a:0e:9b:4e:60,,-70;70:3a:0e:a7:8a:e1,,-68;f0:5c:19:b9:d5:61,,-67;70:3a:0e:a7:8a:e2,,-67;70:3a:0e:9b:4e:62,,-63;70:3a:0e:a7:8a:61,,-58;70:3a:0e:a7:8a:60,,-55;06:d6:aa:09:e4:e6,,-46;;;;;
55.710876;13.210365;0;point12;55.71106;13.21033;0;;1000.06;20.57688365;03.04.2019 15:13;wifi=70:3a:0e:a7:8a:71,,-90;70:3a:0e:a7:8a:70,,-87;70:3a:0e:a7:8a:72,,-87;f0:5c:19:bd:40:e1,,-87;70:3a:0e:9b:5b:21,,-87;70:3a:0e:a7:87:11,,-85;70:3a:0e:a7:87:10,,-85;b4:5d:50:ea:e2:72,,-85;70:3a:0e:a7:87:12,,-85;70:3a:0e:9b:4e:61,,-85;70:3a:0e:a7:87:01,,-84;a8:bd:27:24:e8:61,,-83;b4:5d:50:ea:e2:60,,-83;70:3a:0e:9b:4e:62,,-78;70:3a:0e:9b:5c:20,,-77;b4:5d:50:ea:ab:d0,,-76;b4:5d:50:ea:ab:d1,,-75;b4:5d:50:ea:ab:d2,,-75;70:3a:0e:a7:8a:62,,-74;70:3a:0e:9b:58:41,,-74;70:3a:0e:a7:8a:e1,,-71;b4:5d:50:ea:ab:c2,,-69;b4:5d:50:ea:ab:c0,,-68;b4:5d:50:ea:ab:c1,,-65;70:3a:0e:a7:8a:e0,,-65;70:3a:0e:a7:8a:e2,,-64;06:d6:aa:09:e4:e6,,-48;;;;;;;;;;;;;;
55.710842;13.210305;0;point13;55.71083;13.21004;0;;1000.05;16.654314;03.04.2019 15:13;wifi=70:3a:0e:a7:8a:71,,-91;b4:5d:50:ea:e2:71,,-87;70:3a:0e:a7:8a:61,,-87;b4:5d:50:ea:e2:72,,-86;f0:d1:a9:0e:66:17,,-85;b4:5d:50:01:cc:01,,-85;a8:bd:27:24:e8:61,,-82;f0:d1:a9:0e:66:16,,-82;b4:5d:50:ea:e2:61,,-80;a8:bd:27:24:e7:80,,-79;70:3a:0e:a7:8b:21,,-79;a8:bd:27:24:e7:81,,-78;a8:bd:27:24:e7:82,,-78;70:3a:0e:9b:4e:62,,-76;70:3a:0e:a7:8a:e1,,-76;70:3a:0e:a7:8b:31,,-76;70:3a:0e:9b:4e:60,,-76;70:3a:0e:9b:4e:61,,-76;70:3a:0e:a7:8b:30,,-76;70:3a:0e:a7:8b:32,,-76;b4:5d:50:ea:ab:c1,,-73;70:3a:0e:a7:8a:e0,,-72;b4:5d:50:ea:ab:c0,,-71;b4:5d:50:ea:ab:d0,,-68;b4:5d:50:ea:ab:d2,,-68;b4:5d:50:ea:ab:c2,,-68;b4:5d:50:ea:ab:d1,,-67;6c:19:8f:f4:48:07,,-63;06:d6:aa:09:e4:e6,,-46;;;;;;;;;;;;
55.710796;13.210304;0;point13;55.71062;13.20991;0;;1000.06;31.49892528;03.04.2019 15:13;wifi=70:3a:0e:a7:8a:71,,-91;f0:d1:a9:0e:66:17,,-89;70:3a:0e:a7:8a:61,,-87;70:3a:0e:a7:8b:31,,-85;70:3a:0e:a7:8b:30,,-85;70:3a:0e:a7:8b:32,,-85;a8:bd:27:24:e7:91,,-84;a8:bd:27:24:e7:92,,-84;b4:5d:50:01:cc:01,,-83;a8:bd:27:24:e7:90,,-83;70:3a:0e:9b:4e:41,,-83;b4:5d:50:0b:90:21,,-83;a8:bd:27:24:e8:61,,-82;a8:bd:27:24:e7:81,,-79;70:3a:0e:9b:4e:42,,-79;b4:5d:50:ea:ab:d0,,-77;b4:5d:50:ea:ab:d1,,-77;b4:5d:50:ea:ab:d2,,-77;b4:5d:50:ea:e2:60,,-77;b4:5d:50:ea:e2:62,,-77;70:3a:0e:a7:8a:e1,,-76;70:3a:0e:9b:4e:61,,-76;b4:5d:50:ea:ab:c0,,-75;b4:5d:50:ea:e2:61,,-74;b4:5d:50:ea:e2:71,,-74;b4:5d:50:ea:e2:72,,-74;b4:5d:50:ea:e2:70,,-74;70:3a:0e:a7:8a:e0,,-72;b4:5d:50:ea:ab:c2,,-68;70:3a:0e:a7:8b:21,,-68;70:3a:0e:a7:8b:20,,-66;6c:19:8f:f4:48:07,,-51;06:d6:aa:09:e4:e6,,-41;;;;;;;;
55.710778;13.21032;0;point14;55.7105;13.20971;1;;1000.07;49.15072778;03.04.2019 15:13;wifi=70:3a:0e:a7:8b:30,,-88;70:3a:0e:a7:8b:31,,-87;70:3a:0e:a7:8b:32,,-87;b4:5d:50:ea:ab:c0,,-84;b4:5d:50:ea:ab:c2,,-83;b4:5d:50:ea:ab:d1,,-82;b4:5d:50:ea:ab:d0,,-81;b4:5d:50:ea:ab:d2,,-81;70:3a:0e:a7:8b:21,,-81;b4:5d:50:ea:ab:c1,,-79;f0:5c:19:b9:d5:61,,-78;f0:5c:19:b9:d5:60,,-77;b4:5d:50:ea:a9:41,,-74;70:3a:0e:9b:4e:61,,-70;70:3a:0e:9b:4e:60,,-69;70:3a:0e:9b:4e:62,,-69;70:3a:0e:9b:54:40,,-68;b4:5d:50:ea:e2:71,,-65;b4:5d:50:ea:e2:72,,-65;b4:5d:50:ea:e2:70,,-65;b4:5d:50:ea:e2:60,,-64;b4:5d:50:ea:e2:62,,-64;b4:5d:50:ea:e2:61,,-62;06:d6:aa:09:e4:e6,,-47;6c:19:8f:f4:48:07,,-43;;;;;;;;;;;;;;;;
55.71074;13.210385;0;point15;55.71048;13.20968;1;;1000.11;52.785477;03.04.2019 15:14;wifi=70:3a:0e:9b:5c:41,,-87;a8:bd:27:24:e7:92,,-87;70:3a:0e:a7:8b:31,,-86;70:3a:0e:a7:8b:30,,-86;70:3a:0e:a7:8b:32,,-86;a8:bd:27:24:e7:91,,-86;f0:d1:a9:0e:66:16,,-85;a8:bd:27:24:e7:90,,-85;70:73:cb:b6:5c:bd,,-84;b4:5d:50:ea:ad:a1,,-83;70:3a:0e:9b:58:41,,-82;70:3a:0e:a7:8b:21,,-81;70:3a:0e:9b:54:41,,-76;f0:5c:19:b9:d5:60,,-74;70:3a:0e:9b:54:42,,-73;70:3a:0e:9b:54:40,,-73;b4:5d:50:ea:a9:42,,-72;b4:5d:50:ea:a9:40,,-71;70:3a:0e:9b:4e:61,,-69;70:3a:0e:a7:8b:22,,-67;70:3a:0e:9b:4e:60,,-66;b4:5d:50:ea:e2:62,,-62;b4:5d:50:ea:e2:60,,-61;b4:5d:50:ea:e2:61,,-59;b4:5d:50:ea:e2:71,,-56;b4:5d:50:ea:e2:72,,-56;b4:5d:50:ea:e2:70,,-56;06:d6:aa:09:e4:e6,,-50;6c:19:8f:f4:48:07,,-42;;;;;;;;;;;;
55.710693;13.210383;0;point15;55.71053;13.20969;0;;1000.07;47.04405636;03.04.2019 15:14;wifi=a8:bd:27:24:e7:92,,-87;70:3a:0e:a7:8b:31,,-86;70:3a:0e:a7:8b:30,,-86;70:3a:0e:a7:8b:32,,-86;a8:bd:27:24:e7:91,,-86;f0:d1:a9:0e:66:16,,-85;a8:bd:27:24:e7:90,,-85;70:3a:0e:9b:58:41,,-82;70:73:cb:b6:5c:bd,,-78;b4:5d:50:ea:ad:a1,,-77;70:3a:0e:9b:5c:41,,-73;70:3a:0e:9b:54:41,,-71;70:3a:0e:9b:4e:61,,-69;70:3a:0e:9b:54:42,,-68;70:3a:0e:9b:54:40,,-68;70:3a:0e:a7:8b:22,,-67;70:3a:0e:9b:4e:60,,-66;b4:5d:50:ea:a9:42,,-62;b4:5d:50:ea:a9:41,,-62;6c:19:8f:f4:48:07,,-54;b4:5d:50:ea:e2:60,,-49;b4:5d:50:ea:e2:62,,-49;b4:5d:50:ea:e2:71,,-47;b4:5d:50:ea:e2:72,,-47;b4:5d:50:ea:e2:70,,-47;b4:5d:50:ea:e2:61,,-46;06:d6:aa:09:e4:e6,,-41;;;;;;;;;;;;;;
55.710647;13.210381;0;point15;55.71059;13.20991;0;;1000.07;30.1783768;03.04.2019 15:14;wifi=b4:5d:50:ea:e2:61,,-87;70:3a:0e:9b:51:a1,,-85;70:73:cb:b6:5c:bd,,-78;70:3a:0e:9a:7d:81,,-76;70:3a:0e:9b:54:41,,-75;70:3a:0e:9b:5c:41,,-73;70:3a:0e:9b:54:42,,-68;70:3a:0e:9b:54:40,,-68;b4:5d:50:ea:ad:a0,,-68;b4:5d:50:ea:ad:a1,,-67;b4:5d:50:ea:a9:42,,-67;b4:5d:50:ea:e2:70,,-66;b4:5d:50:ea:a9:40,,-66;b4:5d:50:ea:ad:a2,,-66;b4:5d:50:ea:e2:71,,-65;b4:5d:50:ea:e2:72,,-65;b4:5d:50:ea:a9:41,,-65;b4:5d:50:ea:e2:60,,-62;b4:5d:50:ea:e2:62,,-62;6c:19:8f:f4:48:07,,-54;06:d6:aa:09:e4:e6,,-41;;;;;;;;;;;;;;;;;;;;
55.71061;13.21038;0;point16;55.71065;13.21003;0;;1000.04;22.37212287;03.04.2019 15:14;wifi=70:3a:0e:9b:51:01,,-87;70:3a:0e:9b:51:a1,,-86;70:3a:0e:9b:4e:61,,-84;70:3a:0e:9b:4e:41,,-83;f0:5c:19:b9:d5:61,,-79;70:3a:0e:9a:7d:81,,-76;b4:5d:50:ea:a9:42,,-71;b4:5d:50:ea:ad:a0,,-67;b4:5d:50:ea:ad:a2,,-67;b4:5d:50:ea:a9:41,,-66;b4:5d:50:ea:e2:60,,-63;b4:5d:50:ea:e2:62,,-63;b4:5d:50:ea:e2:61,,-62;b4:5d:50:ea:e2:71,,-62;b4:5d:50:ea:e2:72,,-62;b4:5d:50:ea:e2:70,,-62;b4:5d:50:ea:ad:a1,,-61;06:d6:aa:09:e4:e6,,-42;;;;;;;;;;;;;;;;;;;;;;;
55.710651;13.210379;0;point16;55.71056;13.20976;0;;1000.04;40.07529181;03.04.2019 15:14;wifi=70:3a:0e:9b:51:a1,,-86;70:3a:0e:9b:4e:61,,-84;70:3a:0e:9a:7d:81,,-83;70:3a:0e:9b:4e:41,,-83;70:3a:0e:9b:5c:41,,-80;f0:5c:19:b9:d5:61,,-79;70:3a:0e:9b:54:41,,-78;b4:5d:50:ea:ad:a1,,-73;b4:5d:50:ea:ad:a0,,-67;b4:5d:50:ea:ad:a2,,-67;6c:19:8f:f4:48:07,,-65;b4:5d:50:ea:e2:60,,-63;b4:5d:50:ea:a9:42,,-59;b4:5d:50:ea:a9:41,,-59;b4:5d:50:ea:a9:40,,-59;b4:5d:50:ea:e2:71,,-58;b4:5d:50:ea:e2:72,,-58;b4:5d:50:ea:e2:70,,-58;b4:5d:50:ea:e2:62,,-55;b4:5d:50:ea:e2:61,,-54;06:d6:aa:09:e4:e6,,-48;;;;;;;;;;;;;;;;;;;;
55.710691;13.210378;0;point16;55.71053;13.20967;0;;1000.08;47.82892697;03.04.2019 15:14;wifi=70:3a:0e:a7:8b:31,,-90;70:3a:0e:a7:8a:e1,,-87;b4:5d:50:ea:ad:a1,,-84;70:3a:0e:9a:7d:81,,-83;f0:d1:a9:0e:66:16,,-83;70:3a:0e:9b:4e:61,,-82;70:3a:0e:9b:5c:41,,-80;70:3a:0e:9b:54:41,,-72;b4:5d:50:ea:a9:40,,-66;6c:19:8f:f4:48:07,,-65;b4:5d:50:ea:a9:41,,-63;b4:5d:50:ea:e2:71,,-59;b4:5d:50:ea:e2:72,,-59;b4:5d:50:ea:e2:70,,-59;b4:5d:50:ea:a9:42,,-59;b4:5d:50:ea:e2:61,,-53;b4:5d:50:ea:e2:60,,-53;b4:5d:50:ea:e2:62,,-53;06:d6:aa:09:e4:e6,,-50;;;;;;;;;;;;;;;;;;;;;;
55.710732;13.210377;0;point16;55.71057;13.20982;0;;1000.09;39.26822766;03.04.2019 15:14;wifi=70:3a:0e:a7:8b:31,,-89;70:3a:0e:a7:8b:30,,-89;70:3a:0e:a7:8b:32,,-89;b4:5d:50:ea:ad:a1,,-84;70:3a:0e:a7:8a:e1,,-84;f0:d1:a9:0e:66:16,,-82;70:3a:0e:a7:8b:21,,-82;b4:5d:50:ea:a9:41,,-80;f0:5c:19:b9:d5:61,,-80;b4:5d:50:ea:ab:c1,,-75;70:3a:0e:9b:54:41,,-72;70:3a:0e:a7:89:01,,-72;70:3a:0e:a7:89:02,,-72;70:3a:0e:a7:89:00,,-70;b4:5d:50:ea:e2:71,,-67;b4:5d:50:ea:e2:72,,-67;b4:5d:50:ea:e2:70,,-67;70:3a:0e:9b:4e:61,,-67;b4:5d:50:ea:e2:61,,-66;b4:5d:50:ea:a9:40,,-66;70:3a:0e:9b:4e:62,,-64;70:3a:0e:9b:4e:60,,-64;b4:5d:50:ea:e2:62,,-63;b4:5d:50:ea:e2:60,,-53;6c:19:8f:f4:48:07,,-53;06:d6:aa:09:e4:e6,,-43;;;;;;;;;;;;;;;
55.710772;13.210376;0;point16;55.71066;13.20996;0;;1000.06;28.88296253;03.04.2019 15:14;wifi=70:3a:0e:a7:8b:31,,-89;70:3a:0e:a7:8b:30,,-89;70:3a:0e:a7:8b:32,,-89;70:3a:0e:a7:8a:71,,-88;70:3a:0e:a7:8a:72,,-88;b4:5d:50:ea:ab:d0,,-87;70:3a:0e:a7:8a:70,,-87;b4:5d:50:ea:ab:d1,,-86;b4:5d:50:ea:ab:d2,,-86;70:3a:0e:a7:8a:e1,,-84;b4:5d:50:ea:ab:c1,,-83;f0:d1:a9:0e:66:16,,-82;70:3a:0e:a7:8b:21,,-82;b4:5d:50:ea:a9:41,,-80;f0:5c:19:b9:d5:61,,-80;6c:19:8f:f4:48:07,,-75;70:3a:0e:a7:89:01,,-72;70:3a:0e:a7:89:02,,-72;70:3a:0e:a7:89:00,,-70;b4:5d:50:ea:e2:71,,-67;b4:5d:50:ea:e2:72,,-67;b4:5d:50:ea:e2:70,,-67;70:3a:0e:9b:4e:61,,-67;b4:5d:50:ea:e2:61,,-66;70:3a:0e:9b:4e:62,,-64;70:3a:0e:9b:4e:60,,-64;b4:5d:50:ea:e2:62,,-63;06:d6:aa:09:e4:e6,,-46;;;;;;;;;;;;;
55.710813;13.210375;0;point16;55.71093;13.21016;0;;1000.05;18.72609281;03.04.2019 15:15;wifi=70:3a:0e:a7:8a:70,,-88;70:3a:0e:a7:8a:71,,-87;70:3a:0e:a7:8a:72,,-87;70:3a:0e:a7:8b:21,,-85;70:3a:0e:9b:5b:21,,-85;f0:d1:a9:0e:66:16,,-84;b4:5d:50:ea:e2:61,,-83;b4:5d:50:ea:ab:d1,,-79;b4:5d:50:ea:ab:d0,,-79;b4:5d:50:ea:ab:d2,,-79;70:3a:0e:a7:8a:61,,-79;6c:19:8f:f4:48:07,,-75;70:3a:0e:a7:8a:e0,,-69;b4:5d:50:ea:ab:c0,,-67;b4:5d:50:ea:ab:c2,,-67;b4:5d:50:ea:ab:c1,,-66;06:d6:aa:09:e4:e6,,-47;;;;;;;;;;;;;;;;;;;;;;;;
55.710853;13.210374;0;point17;55.71092;13.21012;0;;1000.04;17.5694435;03.04.2019 15:15;wifi=70:3a:0e:a7:8a:70,,-88;70:3a:0e:a7:8a:71,,-88;70:3a:0e:a7:8a:72,,-88;70:3a:0e:9b:5b:21,,-85;f0:d1:a9:0e:66:16,,-84;b4:5d:50:ea:e2:61,,-83;b4:5d:50:ea:ab:d1,,-83;b4:5d:50:ea:ab:d0,,-83;b4:5d:50:ea:ab:d2,,-83;a8:bd:27:24:e8:61,,-82;70:3a:0e:a7:8b:21,,-80;a8:bd:27:24:e7:81,,-80;70:3a:0e:a7:8a:61,,-79;70:3a:0e:a7:8a:e1,,-72;70:3a:0e:a7:8a:e0,,-69;70:3a:0e:a7:8a:e2,,-69;b4:5d:50:ea:ab:c0,,-67;b4:5d:50:ea:ab:c2,,-67;b4:5d:50:ea:ab:c1,,-66;06:d6:aa:09:e4:e6,,-49;;;;;;;;;;;;;;;;;;;;;
55.710869;13.210361;0;point17;55.71106;13.21028;0;;1000.09;21.83594404;03.04.2019 15:15;wifi=70:3a:0e:a7:8a:71,,-89;f0:d1:a9:0e:66:16,,-86;a8:bd:27:24:e7:81,,-86;a8:bd:27:24:e8:61,,-84;b4:5d:50:01:cc:01,,-82;70:3a:0e:a7:81:21,,-81;70:3a:0e:9b:4e:61,,-78;b4:5d:50:ea:ab:d1,,-75;b4:5d:50:ea:ab:d0,,-75;b4:5d:50:ea:ab:d2,,-75;70:3a:0e:a7:8a:e1,,-75;b4:5d:50:ea:ab:c1,,-72;b4:5d:50:ea:ab:c0,,-71;b4:5d:50:ea:ab:c2,,-71;70:3a:0e:a7:8a:e0,,-67;70:3a:0e:a7:8a:e2,,-67;06:d6:aa:09:e4:e6,,-48;;;;;;;;;;;;;;;;;;;;;;;;
55.710878;13.210354;0;point18;55.7109;13.21011;2;;1000.05;15.47940339;03.04.2019 15:15;wifi=6c:19:8f:f4:48:09,,-89;70:3a:0e:9b:4e:61,,-85;70:3a:0e:a7:8b:21,,-83;b4:5d:50:ea:e2:61,,-82;f0:d1:a9:0e:66:16,,-81;a8:bd:27:24:e8:61,,-81;b4:5d:50:ea:ab:d0,,-79;b4:5d:50:ea:ab:d1,,-78;b4:5d:50:ea:ab:d2,,-78;a8:bd:27:24:e7:81,,-77;70:3a:0e:a7:8a:e1,,-75;70:3a:0e:a7:8a:e0,,-70;70:3a:0e:a7:8a:e2,,-70;b4:5d:50:ea:ab:c1,,-69;b4:5d:50:ea:ab:c2,,-68;b4:5d:50:ea:ab:c0,,-68;6c:19:8f:f4:48:07,,-66;06:d6:aa:09:e4:e6,,-49;;;;;;;;;;;;;;;;;;;;;;;
55.710938;13.210353;0;point18;55.711;13.21023;0;;1000.06;10.33966999;03.04.2019 15:15;wifi=70:3a:0e:9b:55:01,,-87;70:3a:0e:9b:58:41,,-86;70:3a:0e:a7:8a:e1,,-83;70:3a:0e:a7:8b:21,,-83;70:3a:0e:9b:5c:21,,-83;70:3a:0e:9b:5b:21,,-83;b4:5d:50:ea:e2:61,,-82;f0:d1:a9:0e:66:16,,-81;a8:bd:27:24:e8:61,,-81;b4:5d:50:01:cc:01,,-81;70:3a:0e:a7:81:21,,-80;6c:19:8f:f4:48:07,,-79;a8:bd:27:24:e7:81,,-77;b4:5d:50:ea:ab:d1,,-73;b4:5d:50:ea:ab:d0,,-73;b4:5d:50:ea:ab:d2,,-73;70:3a:0e:a7:8a:e0,,-70;70:3a:0e:a7:8a:e2,,-70;b4:5d:50:ea:ab:c0,,-68;b4:5d:50:ea:ab:c1,,-54;06:d6:aa:09:e4:e6,,-41;;;;;;;;;;;;;;;;;;;;
55.710998;13.210353;0;point18;55.71112;13.21057;0;;1000.07;19.2046388;03.04.2019 15:15;wifi=70:3a:0e:a7:8a:e1,,-87;70:3a:0e:9b:55:01,,-87;70:3a:0e:9b:58:41,,-86;b4:5d:50:ea:ab:d1,,-85;b4:5d:50:ea:ab:d0,,-84;b4:5d:50:ea:ab:d2,,-84;70:3a:0e:9b:5c:21,,-83;70:3a:0e:9b:5b:21,,-81;6c:19:8f:f4:48:07,,-79;b4:5d:50:01:cc:01,,-79;b4:5d:50:ea:ab:c1,,-73;70:3a:0e:a7:81:21,,-71;06:d6:aa:09:e4:e6,,-41;;;;;;;;;;;;;;;;;;;;;;;;;;;;
55.711058;13.210352;0;point18;55.71118;13.21062;0;;1000.05;21.58437042;03.04.2019 15:15;wifi=b4:5d:50:ea:ab:d0,,-89;70:3a:0e:a7:87:11,,-89;b4:5d:50:ea:ab:d1,,-88;b4:5d:50:ea:ab:d2,,-87;70:3a:0e:a7:8a:e1,,-87;70:3a:0e:9b:5b:21,,-82;ac:7f:3e:ec:15:ea,,-82;b4:5d:50:01:cc:01,,-77;70:3a:0e:a7:81:21,,-76;b4:5d:50:ea:ab:c1,,-73;06:d6:aa:09:e4:e6,,-41;;;;;;;;;;;;;;;;;;;;;;;;;;;;;;
55.711118;13.210351;0;point18;55.71117;13.21032;0;;1000.04;6.100285475;03.04.2019 15:15;wifi=7c:d1:c3:cb:38:a0,,-87;a8:bd:27:24:e7:a1,,-85;70:3a:0e:9b:43:61,,-80;70:3a:0e:a7:87:11,,-79;a8:bd:27:24:ea:90,,-79;a8:bd:27:24:ea:91,,-79;70:3a:0e:a7:87:10,,-79;70:3a:0e:a7:87:12,,-79;a8:bd:27:24:ea:92,,-79;70:3a:0e:a7:81:21,,-76;ac:7f:3e:ec:15:ea,,-76;b4:5d:50:01:cc:02,,-60;b4:5d:50:01:cc:01,,-59;b4:5d:50:01:cc:00,,-59;06:d6:aa:09:e4:e6,,-45;;;;;;;;;;;;;;;;;;;;;;;;;;
55.711177;13.21035;0;point18;55.71118;13.21044;0;;1000.06;5.64765292;03.04.2019 15:15;wifi=7c:d1:c3:cb:38:a0,,-88;70:3a:0e:a7:81:21,,-87;70:3a:0e:a7:87:11,,-82;70:3a:0e:a7:87:10,,-82;a8:bd:27:24:e7:a1,,-82;70:3a:0e:a7:87:12,,-82;70:3a:0e:a7:8a:01,,-82;70:3a:0e:9b:43:61,,-80;a8:bd:27:24:ea:81,,-80;a8:bd:27:24:ea:90,,-79;a8:bd:27:24:ea:91,,-79;a8:bd:27:24:ea:92,,-79;70:3a:0e:9b:5c:c1,,-79;ac:7f:3e:ec:15:ea,,-76;b4:5d:50:01:cc:01,,-74;b4:5d:50:01:cc:00,,-73;70:3a:0e:a7:87:01,,-69;70:3a:0e:a7:87:00,,-69;70:3a:0e:a7:87:02,,-69;b4:5d:50:01:cc:02,,-60;06:d6:aa:09:e4:e6,,-47;;;;;;;;;;;;;;;;;;;;
55.711203;13.210399;0;point19;55.7112;13.21075;0;;1000.03;21.99017929;03.04.2019 15:16;wifi=0c:80:63:e7:4b:68,,-88;70:3a:0e:a7:82:01,,-87;7c:d1:c3:cb:38:a0,,-86;70:3a:0e:9b:5c:d0,,-86;70:3a:0e:9b:5c:d1,,-85;70:3a:0e:9b:5c:d2,,-85;b4:5d:50:ea:ab:c1,,-85;ac:7f:3e:ec:15:ea,,-82;70:3a:0e:a7:87:12,,-82;70:3a:0e:a7:87:11,,-81;70:3a:0e:a7:87:10,,-81;b4:5d:50:01:cc:01,,-80;70:3a:0e:a7:87:01,,-80;70:3a:0e:a7:8a:01,,-80;70:3a:0e:9b:5c:c1,,-73;70:3a:0e:a7:87:00,,-72;70:3a:0e:a7:87:02,,-72;06:d6:aa:09:e4:e6,,-44;;;;;;;;;;;;;;;;;;;;;;;
55.711208;13.21048;0;point19;55.71119;13.21074;0;;1000.09;16.40980723;03.04.2019 15:16;wifi=ac:7f:3e:ec:15:ea,,-87;7c:d1:c3:cb:38:a0,,-86;b4:5d:50:ea:ab:c1,,-85;70:3a:0e:a7:8a:01,,-82;70:3a:0e:9b:5c:d1,,-81;70:3a:0e:9b:5c:d0,,-81;70:3a:0e:a7:82:01,,-81;0c:80:63:e7:4b:68,,-81;70:3a:0e:9b:5c:d2,,-81;b4:5d:50:01:cc:01,,-80;70:3a:0e:a7:87:10,,-79;70:3a:0e:a7:87:12,,-79;70:3a:0e:a7:87:11,,-78;70:3a:0e:a7:87:01,,-68;70:3a:0e:a7:87:00,,-67;70:3a:0e:a7:87:02,,-67;06:d6:aa:09:e4:e6,,-45;;;;;;;;;;;;;;;;;;;;;;;;
55.711212;13.210562;0;point19;55.71121;13.21088;0;;1000.08;19.92194099;03.04.2019 15:16;wifi=0c:80:63:e7:4b:67,,-89;ac:7f:3e:ec:15:ea,,-87;54:e4:3a:ec:ca:24,,-83;70:3a:0e:a7:8a:01,,-82;70:3a:0e:a7:89:c1,,-82;7c:d1:c3:cb:38:a0,,-80;0c:80:63:e7:4b:68,,-80;70:3a:0e:9b:5c:d2,,-77;70:3a:0e:9b:5c:d1,,-76;70:3a:0e:9b:5c:d0,,-76;70:3a:0e:a7:87:11,,-73;70:3a:0e:a7:87:10,,-73;70:3a:0e:a7:87:12,,-73;70:3a:0e:a7:81:22,,-73;70:3a:0e:a7:87:00,,-71;70:3a:0e:a7:81:21,,-71;70:3a:0e:9b:5c:c1,,-70;70:3a:0e:9b:5c:c0,,-70;70:3a:0e:a7:87:01,,-68;70:3a:0e:a7:87:02,,-67;70:3a:0e:9b:5c:c2,,-67;70:3a:0e:a7:82:01,,-66;70:3a:0e:a7:82:00,,-66;70:3a:0e:a7:82:02,,-66;06:d6:aa:09:e4:e6,,-39;;;;;;;;;;;;;;;;
55.711216;13.210643;0;point19;55.71119;13.21077;2;;1000.08;8.464694374;03.04.2019 15:16;wifi=0c:80:63:e7:4b:67,,-89;70:3a:0e:a7:87:11,,-87;f0:5c:19:bd:40:f1,,-86;f0:5c:19:bd:40:f0,,-86;70:3a:0e:9b:43:62,,-83;0c:80:63:e7:4b:68,,-80;54:e4:3a:ec:ca:24,,-78;70:3a:0e:9b:5c:d2,,-77;7c:d1:c3:cb:38:a0,,-76;70:3a:0e:a7:87:00,,-76;70:3a:0e:9b:5c:d1,,-76;70:3a:0e:9b:5c:d0,,-76;f0:5c:19:bd:40:e1,,-76;70:3a:0e:a7:89:c2,,-75;70:3a:0e:a7:89:c1,,-74;70:3a:0e:a7:89:c0,,-74;70:3a:0e:a7:87:10,,-73;70:3a:0e:a7:87:12,,-73;70:3a:0e:a7:81:22,,-73;70:3a:0e:a7:81:21,,-71;70:3a:0e:9b:5c:c1,,-70;70:3a:0e:9b:5c:c0,,-70;70:3a:0e:a7:87:01,,-68;70:3a:0e:9b:5c:c2,,-67;70:3a:0e:a7:82:01,,-62;70:3a:0e:a7:82:00,,-56;70:3a:0e:a7:82:02,,-56;06:d6:aa:09:e4:e6,,-42;;;;;;;;;;;;;
55.71122;13.210725;0;point19;55.71121;13.21086;2;;1000.06;8.529396319;03.04.2019 15:16;wifi=70:3a:0e:a7:87:11,,-90;70:3a:0e:a7:7e:b1,,-90;f0:5c:19:bd:40:f1,,-86;f0:5c:19:bd:40:f0,,-86;54:e4:3a:ec:ca:24,,-84;7c:d1:c3:cb:38:a0,,-83;70:3a:0e:9b:43:62,,-83;70:3a:0e:a7:70:81,,-82;70:3a:0e:a7:70:82,,-82;70:3a:0e:a7:87:01,,-81;70:3a:0e:a7:87:02,,-80;70:3a:0e:a7:87:00,,-76;f0:5c:19:bd:40:e1,,-76;70:3a:0e:a7:7e:a0,,-76;70:3a:0e:a7:7e:a2,,-76;70:3a:0e:a7:89:c2,,-75;70:3a:0e:a7:89:c1,,-74;70:3a:0e:a7:89:c0,,-74;70:3a:0e:a7:82:00,,-69;70:3a:0e:a7:82:02,,-62;70:3a:0e:a7:82:01,,-61;06:d6:aa:09:e4:e6,,-43;;;;;;;;;;;;;;;;;;;
55.711224;13.210806;0;point19;55.71121;13.2109;2;;1000.07;6.090674647;03.04.2019 15:16;wifi=70:3a:0e:a7:87:11,,-90;54:e4:3a:ec:ca:24,,-84;7c:d1:c3:cb:38:a0,,-83;70:3a:0e:a7:70:81,,-82;b4:5d:50:ea:b9:41,,-82;70:3a:0e:a7:70:82,,-81;70:3a:0e:a7:70:80,,-81;70:3a:0e:9a:7b:61,,-81;70:3a:0e:9a:7b:60,,-80;70:3a:0e:9a:7b:62,,-79;70:3a:0e:a7:7e:b0,,-75;70:3a:0e:a7:7e:b2,,-75;70:3a:0e:a7:7e:b1,,-74;70:3a:0e:a7:7e:a1,,-73;70:3a:0e:a7:7e:a0,,-72;70:3a:0e:a7:7e:a2,,-72;70:3a:0e:a7:82:00,,-69;06:d6:aa:09:e4:e6,,-47;;;;;;;;;;;;;;;;;;;;;;;
