reflat;reflon;refFloor;refRoom;cpslat;cpslon;cpsFloor;cpsRoom;pressure;error;scantime;wifis...;;;;;;;;;;;;;;;;;;;;;;;;;;;;;;;;;;;;;;;;;;
55.710927;13.210205;0;point1;55.71126;13.21097;0;;1008.69;60.56068429;02.04.2019 12:26;wifi=a8:bd:27:24:e7:81,,-84;70:3a:0e:a7:81:31,,-82;70:3a:0e:a7:81:30,,-82;70:3a:0e:a7:81:32,,-82;70:3a:0e:a7:81:21,,-82;b4:5d:50:01:cc:01,,-77;b4:5d:50:01:cc:10,,-63;b4:5d:50:01:cc:11,,-63;b4:5d:50:01:cc:12,,-62;b4:5d:50:ea:ab:c2,,-56;b4:5d:50:ea:ab:c0,,-55;b4:5d:50:ea:ab:c1,,-55;fe:2a:9c:78:fc:79,,-46;06:d6:aa:09:e4:e6,,-23;;;;;;;;;;;;;;;;;;;;;;;;;;;;;
55.710977;13.210204;0;point1;55.71116;13.21051;0;;1008.69;27.95550355;02.04.2019 12:26;wifi=70:3a:0e:a7:81:31,,-90;70:3a:0e:a7:81:30,,-89;70:3a:0e:a7:81:32,,-89;a8:bd:27:24:e7:81,,-84;70:3a:0e:a7:81:21,,-82;b4:5d:50:01:cc:01,,-77;b4:5d:50:01:cc:10,,-75;b4:5d:50:01:cc:12,,-75;b4:5d:50:01:cc:11,,-74;b4:5d:50:ea:ab:c1,,-62;b4:5d:50:ea:ab:c2,,-56;b4:5d:50:ea:ab:c0,,-55;fe:2a:9c:78:fc:79,,-46;06:d6:aa:09:e4:e6,,-36;;;;;;;;;;;;;;;;;;;;;;;;;;;;;
55.711027;13.210203;0;point1;55.71118;13.21029;0;;1008.69;17.86424017;02.04.2019 12:26;wifi=70:3a:0e:a7:81:31,,-89;70:3a:0e:a7:81:30,,-88;70:3a:0e:a7:81:32,,-88;ac:7f:3e:ec:15:ea,,-88;70:3a:0e:a7:81:21,,-81;70:3a:0e:9b:49:c1,,-80;70:3a:0e:9b:49:c0,,-78;70:3a:0e:9b:49:c2,,-78;70:3a:0e:9b:5b:22,,-75;b4:5d:50:01:cc:01,,-74;b4:5d:50:01:cc:00,,-73;b4:5d:50:01:cc:02,,-72;b4:5d:50:ea:ab:c2,,-71;b4:5d:50:ea:ab:c1,,-69;b4:5d:50:ea:ab:c0,,-62;b4:5d:50:01:cc:12,,-59;b4:5d:50:01:cc:10,,-58;b4:5d:50:01:cc:11,,-58;fe:2a:9c:78:fc:79,,-52;06:d6:aa:09:e4:e6,,-41;;;;;;;;;;;;;;;;;;;;;;;
55.711077;13.210202;0;point1;55.71118;13.21028;0;;1008.7;12.45173337;02.04.2019 12:26;wifi=70:3a:0e:a7:81:31,,-90;70:3a:0e:a7:81:30,,-88;70:3a:0e:a7:81:32,,-88;70:3a:0e:9b:49:d2,,-84;70:3a:0e:9b:49:d0,,-83;70:3a:0e:9b:49:d1,,-83;70:3a:0e:a7:87:02,,-82;70:3a:0e:a7:81:21,,-81;70:3a:0e:a7:87:01,,-81;70:3a:0e:9b:49:c0,,-78;70:3a:0e:9b:49:c2,,-78;70:3a:0e:9b:5b:22,,-75;70:3a:0e:9b:49:c1,,-73;b4:5d:50:ea:ab:c2,,-71;b4:5d:50:ea:ab:c1,,-69;b4:5d:50:01:cc:10,,-57;b4:5d:50:01:cc:11,,-57;b4:5d:50:01:cc:12,,-57;fe:2a:9c:78:fc:79,,-52;06:d6:aa:09:e4:e6,,-43;;;;;;;;;;;;;;;;;;;;;;;
55.711127;13.210202;0;point1;55.71122;13.21028;0;;1008.7;11.43763512;02.04.2019 12:27;wifi=70:3a:0e:a7:81:31,,-90;a8:bd:27:24:ea:90,,-88;a8:bd:27:24:ea:91,,-88;a8:bd:27:24:ea:92,,-88;70:3a:0e:9b:49:d2,,-84;70:3a:0e:9b:49:d0,,-83;70:3a:0e:9b:49:d1,,-83;70:3a:0e:a7:87:02,,-82;70:3a:0e:a7:87:01,,-81;b4:5d:50:ea:ab:c1,,-79;70:3a:0e:a7:8a:01,,-78;70:3a:0e:9b:49:c1,,-77;ac:7f:3e:ec:15:eb,,-74;ac:7f:3e:ec:15:ea,,-70;b4:5d:50:01:cc:10,,-51;b4:5d:50:01:cc:11,,-51;b4:5d:50:01:cc:12,,-51;fe:2a:9c:78:fc:79,,-45;06:d6:aa:09:e4:e6,,-39;;;;;;;;;;;;;;;;;;;;;;;;
55.711157;13.210201;0;point2;55.71118;13.21016;0;;1008.71;3.62498722;02.04.2019 12:27;wifi=6c:19:8f:f4:48:07,,-88;a8:bd:27:24:ea:82,,-83;a8:bd:27:24:ea:81,,-81;a8:bd:27:24:e7:a0,,-79;a8:bd:27:24:e7:a1,,-79;70:3a:0e:a7:8a:01,,-78;a8:bd:27:24:e7:a2,,-78;a8:bd:27:24:ea:90,,-77;a8:bd:27:24:ea:92,,-77;a8:bd:27:24:ea:80,,-77;b4:5d:50:ea:ab:c1,,-76;a8:bd:27:24:ea:91,,-76;b4:5d:50:01:cc:00,,-71;ac:7f:3e:ec:15:ea,,-65;b4:5d:50:01:cc:01,,-64;fe:2a:9c:78:fc:79,,-62;b4:5d:50:01:cc:10,,-57;b4:5d:50:01:cc:11,,-57;b4:5d:50:01:cc:12,,-57;06:d6:aa:09:e4:e6,,-42;;;;;;;;;;;;;;;;;;;;;;;
55.711208;13.2102;0;point2;55.71116;13.21011;0;;1008.69;7.763827009;02.04.2019 12:27;wifi=a8:bd:27:24:ea:92,,-88;a8:bd:27:24:ea:91,,-87;70:3a:0e:a7:82:10,,-86;70:3a:0e:a7:82:12,,-86;70:3a:0e:a7:82:11,,-85;70:3a:0e:a7:82:02,,-85;a8:bd:27:24:ea:81,,-81;a8:bd:27:24:e7:a0,,-79;a8:bd:27:24:e7:a1,,-79;70:3a:0e:a7:8a:01,,-78;a8:bd:27:24:e7:a2,,-78;a8:bd:27:24:ea:90,,-77;a8:bd:27:24:ea:80,,-77;b4:5d:50:ea:ab:c1,,-76;b4:5d:50:01:cc:00,,-68;b4:5d:50:01:cc:02,,-68;b4:5d:50:01:cc:01,,-67;ac:7f:3e:ec:15:ea,,-65;b4:5d:50:01:cc:10,,-64;b4:5d:50:01:cc:11,,-64;b4:5d:50:01:cc:12,,-64;fe:2a:9c:78:fc:79,,-57;06:d6:aa:09:e4:e6,,-47;;;;;;;;;;;;;;;;;;;;
55.711258;13.2102;0;point2;55.71124;13.21062;0;;1008.61;26.38637758;02.04.2019 12:27;wifi=a8:bd:27:24:ea:92,,-88;a8:bd:27:24:ea:91,,-87;70:3a:0e:a7:82:10,,-86;70:3a:0e:a7:82:12,,-86;70:3a:0e:a7:82:11,,-85;70:3a:0e:a7:82:02,,-85;b4:5d:50:01:cc:00,,-78;b4:5d:50:01:cc:01,,-76;70:3a:0e:a7:8a:01,,-70;b4:5d:50:01:cc:02,,-68;b4:5d:50:01:cc:10,,-66;b4:5d:50:01:cc:11,,-66;b4:5d:50:01:cc:12,,-66;fe:2a:9c:78:fc:79,,-57;06:d6:aa:09:e4:e6,,-42;;;;;;;;;;;;;;;;;;;;;;;;;;;;
55.711274;13.210222;0;point3;55.7112;13.21027;0;;1008.72;8.760321481;02.04.2019 12:27;wifi=a8:bd:27:24:ea:92,,-88;a8:bd:27:24:ea:81,,-84;a8:bd:27:24:ea:82,,-84;70:3a:0e:9b:5c:c1,,-81;a8:bd:27:24:e7:a2,,-81;a8:bd:27:24:e7:a0,,-80;a8:bd:27:24:e7:a1,,-78;b4:5d:50:01:cc:01,,-71;b4:5d:50:ea:ab:c1,,-66;b4:5d:50:01:cc:10,,-58;b4:5d:50:01:cc:11,,-58;b4:5d:50:01:cc:12,,-58;fe:2a:9c:78:fc:79,,-55;06:d6:aa:09:e4:e6,,-42;;;;;;;;;;;;;;;;;;;;;;;;;;;;;
55.711235;13.210278;0;point3;55.71119;13.21023;0;;1008.71;5.838327863;02.04.2019 12:27;wifi=70:3a:0e:a7:82:11,,-88;70:3a:0e:a7:82:10,,-88;70:3a:0e:a7:82:12,,-87;a8:bd:27:24:ea:92,,-86;a8:bd:27:24:ea:91,,-86;a8:bd:27:24:ea:90,,-86;a8:bd:27:24:e7:a2,,-81;a8:bd:27:24:ea:80,,-81;a8:bd:27:24:e7:a0,,-80;a8:bd:27:24:ea:82,,-80;a8:bd:27:24:e7:a1,,-78;a8:bd:27:24:ea:81,,-78;70:3a:0e:a7:87:02,,-77;70:3a:0e:a7:87:00,,-76;70:3a:0e:a7:87:01,,-76;b4:5d:50:ea:ab:c1,,-66;b4:5d:50:01:cc:01,,-62;b4:5d:50:01:cc:10,,-56;b4:5d:50:01:cc:11,,-56;b4:5d:50:01:cc:12,,-56;fe:2a:9c:78:fc:79,,-48;06:d6:aa:09:e4:e6,,-42;;;;;;;;;;;;;;;;;;;;;
55.711227;13.210294;0;point4;55.71127;13.21102;0;;1008.66;45.72965407;02.04.2019 12:28;wifi=70:3a:0e:a7:82:11,,-88;70:3a:0e:a7:82:10,,-88;70:3a:0e:a7:82:12,,-88;70:3a:0e:a7:8a:01,,-83;70:3a:0e:a7:82:01,,-82;70:3a:0e:a7:82:02,,-82;70:3a:0e:a7:87:01,,-77;70:3a:0e:a7:87:00,,-76;70:3a:0e:a7:87:02,,-76;b4:5d:50:01:cc:10,,-75;b4:5d:50:01:cc:11,,-75;b4:5d:50:01:cc:12,,-75;fe:2a:9c:78:fc:79,,-54;06:d6:aa:09:e4:e6,,-42;;;;;;;;;;;;;;;;;;;;;;;;;;;;;
55.711227;13.210322;0;point4;55.71128;13.21103;0;;1008.63;44.74122422;02.04.2019 12:28;wifi=b4:5d:50:01:cc:01,,-85;70:3a:0e:a7:82:12,,-84;70:3a:0e:a7:82:11,,-83;70:3a:0e:a7:82:10,,-83;70:3a:0e:a7:87:01,,-77;b4:5d:50:01:cc:10,,-76;b4:5d:50:01:cc:12,,-76;b4:5d:50:01:cc:11,,-75;fe:2a:9c:78:fc:79,,-62;06:d6:aa:09:e4:e6,,-43;;;;;;;;;;;;;;;;;;;;;;;;;;;;;;;;;
55.711227;13.210349;0;point4;55.71121;13.21043;0;;1008.71;5.414642022;02.04.2019 12:28;wifi=70:3a:0e:a7:81:31,,-90;70:3a:0e:a7:82:10,,-86;70:3a:0e:a7:82:12,,-85;70:3a:0e:a7:82:11,,-84;ac:7f:3e:ec:15:ea,,-84;b4:5d:50:01:cc:02,,-82;b4:5d:50:01:cc:01,,-81;b4:5d:50:01:cc:00,,-81;b4:5d:50:01:cc:10,,-76;b4:5d:50:01:cc:11,,-76;b4:5d:50:01:cc:12,,-76;fe:2a:9c:78:fc:79,,-64;06:d6:aa:09:e4:e6,,-54;;;;;;;;;;;;;;;;;;;;;;;;;;;;;;
55.711227;13.210376;0;point4;55.71127;13.21101;0;;1008.72;40.00258495;02.04.2019 12:28;wifi=ac:7f:3e:ec:15:ea,,-84;70:3a:0e:9b:5c:c1,,-83;70:3a:0e:a7:82:10,,-81;70:3a:0e:a7:82:12,,-81;b4:5d:50:01:cc:00,,-81;70:3a:0e:a7:82:11,,-80;b4:5d:50:01:cc:01,,-78;b4:5d:50:01:cc:10,,-76;b4:5d:50:01:cc:11,,-76;b4:5d:50:01:cc:12,,-76;70:3a:0e:a7:87:00,,-70;70:3a:0e:a7:87:01,,-70;70:3a:0e:a7:87:02,,-70;fe:2a:9c:78:fc:79,,-59;06:d6:aa:09:e4:e6,,-38;;;;;;;;;;;;;;;;;;;;;;;;;;;;
55.711228;13.210404;0;point5;55.71121;13.21072;0;;1008.72;19.8963639;02.04.2019 12:28;wifi=b4:5d:50:01:cc:10,,-89;b4:5d:50:01:cc:11,,-89;b4:5d:50:01:cc:12,,-89;70:3a:0e:9b:5a:01,,-87;7c:d1:c3:cb:38:a0,,-86;70:3a:0e:a7:81:32,,-82;70:3a:0e:a7:82:10,,-81;70:3a:0e:a7:82:12,,-81;70:3a:0e:a7:81:30,,-81;70:3a:0e:a7:82:11,,-78;b4:5d:50:01:cc:01,,-78;70:3a:0e:a7:87:01,,-77;70:3a:0e:a7:82:00,,-75;70:3a:0e:a7:82:01,,-74;70:3a:0e:a7:82:02,,-74;70:3a:0e:a7:87:00,,-70;70:3a:0e:a7:87:02,,-70;70:3a:0e:9b:5c:c1,,-68;70:3a:0e:9b:5c:c0,,-68;fe:2a:9c:78:fc:79,,-53;06:d6:aa:09:e4:e6,,-48;;;;;;;;;;;;;;;;;;;;;;
55.711228;13.210404;0;point5;55.7112;13.21077;0;;1008.62;23.13793496;02.04.2019 12:28;wifi=70:3a:0e:a7:81:30,,-88;70:3a:0e:a7:81:32,,-88;70:3a:0e:a7:81:31,,-88;b4:5d:50:01:cc:01,,-87;70:3a:0e:a7:8a:01,,-87;7c:d1:c3:cb:38:a0,,-82;0c:80:63:e7:4b:68,,-81;b4:5d:50:01:cc:10,,-80;b4:5d:50:01:cc:11,,-80;b4:5d:50:01:cc:12,,-80;70:3a:0e:a7:82:10,,-80;70:3a:0e:a7:82:12,,-80;70:3a:0e:a7:82:00,,-80;70:3a:0e:a7:82:11,,-79;70:3a:0e:a7:82:02,,-79;70:3a:0e:9b:5c:c1,,-70;70:3a:0e:9b:5c:c0,,-70;70:3a:0e:9b:5c:c2,,-70;70:3a:0e:a7:87:01,,-67;70:3a:0e:a7:87:00,,-66;70:3a:0e:a7:87:02,,-66;fe:2a:9c:78:fc:79,,-59;06:d6:aa:09:e4:e6,,-47;;;;;;;;;;;;;;;;;;;;
55.711281;13.210404;0;point5;55.71127;13.21116;0;;1008.58;47.37414055;02.04.2019 12:28;wifi=b4:5d:50:01:cc:11,,-90;70:3a:0e:a7:81:31,,-90;b4:5d:50:01:cc:10,,-89;b4:5d:50:01:cc:12,,-89;70:3a:0e:a7:82:11,,-88;70:3a:0e:a7:82:10,,-88;70:3a:0e:a7:82:12,,-88;70:3a:0e:a7:81:30,,-88;70:3a:0e:a7:81:32,,-88;70:3a:0e:9a:7b:61,,-85;70:3a:0e:9a:7b:60,,-84;7c:d1:c3:cb:38:a0,,-82;70:3a:0e:a7:82:00,,-80;70:3a:0e:a7:82:01,,-80;70:3a:0e:a7:87:01,,-79;70:3a:0e:a7:82:02,,-79;70:3a:0e:a7:87:00,,-76;70:3a:0e:a7:87:02,,-75;fe:2a:9c:78:fc:79,,-65;70:3a:0e:9b:5c:c1,,-64;70:3a:0e:9b:5c:c0,,-64;70:3a:0e:9b:5c:c2,,-64;06:d6:aa:09:e4:e6,,-39;;;;;;;;;;;;;;;;;;;;
55.711334;13.210403;0;point5;55.71125;13.21102;0;;1008.66;39.76349967;02.04.2019 12:28;wifi=b4:5d:50:01:cc:11,,-91;70:3a:0e:a7:81:31,,-90;b4:5d:50:01:cc:10,,-89;b4:5d:50:01:cc:12,,-89;70:3a:0e:a7:82:11,,-88;70:3a:0e:a7:82:10,,-88;70:3a:0e:a7:82:12,,-88;0c:80:63:e7:4b:67,,-88;70:3a:0e:9a:7b:61,,-85;70:3a:0e:9a:7b:60,,-84;70:3a:0e:a7:82:00,,-80;70:3a:0e:a7:82:01,,-80;70:3a:0e:a7:87:01,,-79;70:3a:0e:9b:55:e1,,-78;70:3a:0e:a7:87:00,,-76;70:3a:0e:a7:87:02,,-75;70:3a:0e:9b:55:e0,,-75;70:3a:0e:9b:55:e2,,-75;fe:2a:9c:78:fc:79,,-65;70:3a:0e:9b:5c:c1,,-60;70:3a:0e:9b:5c:c0,,-59;70:3a:0e:9b:5c:c2,,-59;06:d6:aa:09:e4:e6,,-41;;;;;;;;;;;;;;;;;;;;
55.711387;13.210403;0;point5;55.71139;13.21074;0;;1008.66;21.11323462;02.04.2019 12:28;wifi=b4:5d:50:01:cc:11,,-91;0c:80:63:e7:4b:67,,-90;b4:5d:50:05:28:01,,-88;b4:5d:50:ea:ca:81,,-84;70:3a:0e:9b:55:e1,,-78;70:3a:0e:9b:56:e1,,-78;70:3a:0e:9b:5c:c2,,-77;70:3a:0e:9b:5a:01,,-77;70:3a:0e:9b:5c:c0,,-76;70:3a:0e:9b:55:e0,,-75;70:3a:0e:9b:55:e2,,-75;70:3a:0e:9b:5a:00,,-74;70:3a:0e:9b:5a:02,,-74;fe:2a:9c:78:fc:79,,-62;70:3a:0e:9b:5c:c1,,-60;06:d6:aa:09:e4:e6,,-43;;;;;;;;;;;;;;;;;;;;;;;;;;;
55.71144;13.210402;0;point5;55.71147;13.21027;0;;1008.64;8.916845556;02.04.2019 12:28;wifi=0c:80:63:e7:4b:67,,-90;70:3a:0e:a7:8a:d2,,-89;b4:5d:50:05:28:01,,-88;70:3a:0e:a7:8a:d1,,-88;b4:5d:50:ea:ca:81,,-82;b4:5d:50:ea:ca:80,,-82;b4:5d:50:ea:ca:82,,-80;70:3a:0e:9b:56:e1,,-78;70:3a:0e:9b:5c:c2,,-77;70:3a:0e:9b:5c:c0,,-76;fe:2a:9c:78:fc:79,,-62;70:3a:0e:9b:5a:01,,-55;70:3a:0e:9b:5a:02,,-53;70:3a:0e:9b:5a:00,,-51;06:d6:aa:09:e4:e6,,-42;;;;;;;;;;;;;;;;;;;;;;;;;;;;
55.711494;13.210402;0;point5;55.71149;13.21022;0;;1008.65;11.40962728;02.04.2019 12:29;wifi=70:3a:0e:a7:8a:d2,,-89;70:3a:0e:9b:4d:d0,,-89;70:3a:0e:a7:8a:d1,,-88;70:3a:0e:9b:4d:d1,,-88;70:3a:0e:9b:4d:d2,,-88;a8:bd:27:4e:56:40,,-84;a8:bd:27:4e:56:42,,-84;a8:bd:27:4e:56:41,,-83;70:3a:0e:9b:4d:c0,,-81;70:3a:0e:9b:4d:c1,,-81;70:3a:0e:a7:8a:c0,,-77;70:3a:0e:a7:8a:c1,,-76;70:3a:0e:a7:8a:c2,,-76;b4:5d:50:ea:ca:80,,-75;b4:5d:50:ea:ca:82,,-75;b4:5d:50:ea:ca:81,,-74;fe:2a:9c:78:fc:79,,-62;70:3a:0e:9b:5a:01,,-55;70:3a:0e:9b:5a:02,,-53;70:3a:0e:9b:5a:00,,-51;06:d6:aa:09:e4:e6,,-45;;;;;;;;;;;;;;;;;;;;;;
55.711547;13.210402;0;point5;55.71171;13.21044;0;;1008.67;18.28016078;02.04.2019 12:29;wifi=70:3a:0e:9a:75:01,,-86;a8:bd:27:4e:56:40,,-84;a8:bd:27:4e:56:42,,-84;b4:5d:50:ea:ae:d0,,-84;b4:5d:50:ea:ae:c1,,-84;a8:bd:27:4e:56:41,,-83;b4:5d:50:ea:ae:d1,,-83;b4:5d:50:ea:ae:d2,,-83;70:3a:0e:9a:75:02,,-83;70:3a:0e:9b:4d:c0,,-81;7c:d1:c3:cb:3e:fb,,-80;b4:5d:50:ea:7f:c0,,-78;b4:5d:50:ea:7f:c2,,-78;70:3a:0e:a7:8a:c0,,-77;70:3a:0e:a7:8a:c1,,-76;70:3a:0e:a7:8a:c2,,-76;70:3a:0e:9b:4d:d1,,-75;70:3a:0e:9b:4d:d0,,-75;70:3a:0e:9b:4d:d2,,-75;b4:5d:50:ea:7f:c1,,-75;b4:5d:50:ea:c1:62,,-73;7c:d1:c3:cb:3e:fa,,-71;b4:5d:50:ea:c1:61,,-71;70:3a:0e:9b:4d:c1,,-70;70:3a:0e:9b:4d:c2,,-69;b4:5d:50:ea:ca:81,,-55;fe:2a:9c:78:fc:79,,-54;b4:5d:50:ea:ca:80,,-54;b4:5d:50:ea:ca:82,,-54;06:d6:aa:09:e4:e6,,-45;;;;;;;;;;;;;
55.711557;13.210462;0;point6;55.71175;13.21048;0;;1008.64;21.49000498;02.04.2019 12:29;wifi=b4:5d:50:ea:7c:91,,-90;b4:5d:50:05:28:01,,-85;b4:5d:50:ea:7f:c1,,-83;b4:5d:50:ea:ae:c0,,-81;70:3a:0e:9a:75:10,,-81;70:3a:0e:9a:75:11,,-81;70:3a:0e:9a:75:12,,-81;b4:5d:50:ea:ae:c1,,-80;7c:d1:c3:cb:3e:fb,,-77;b4:5d:50:ea:ae:d1,,-77;b4:5d:50:ea:ae:d0,,-77;b4:5d:50:ea:ae:d2,,-77;b4:5d:50:ea:b5:41,,-76;70:3a:0e:9b:4d:d0,,-75;70:3a:0e:9b:4d:d2,,-75;b4:5d:50:ea:b5:40,,-75;b4:5d:50:ea:b5:42,,-75;70:3a:0e:9b:4d:d1,,-74;7c:d1:c3:cb:3e:fa,,-70;fe:2a:9c:78:fc:79,,-68;b4:5d:50:ea:ca:80,,-57;b4:5d:50:ea:ca:82,,-57;b4:5d:50:ea:ca:81,,-54;06:d6:aa:09:e4:e6,,-45;;;;;;;;;;;;;;;;;;;
55.711557;13.210539;0;point6;55.7117;13.21061;0;;1008.66;16.51110161;02.04.2019 12:29;wifi=b4:5d:50:ea:7c:91,,-90;b4:5d:50:05:28:01,,-85;b4:5d:50:ea:b2:c1,,-85;70:3a:0e:9a:75:10,,-81;70:3a:0e:9a:75:11,,-81;70:3a:0e:9a:75:12,,-81;b4:5d:50:ea:7f:c0,,-81;b4:5d:50:ea:7f:c1,,-79;b4:5d:50:ea:ae:d1,,-79;b4:5d:50:ea:ae:d0,,-79;b4:5d:50:ea:ae:d2,,-79;70:3a:0e:9a:6f:01,,-79;70:3a:0e:9b:4d:d1,,-78;7c:d1:c3:cb:3e:fb,,-76;b4:5d:50:ea:b5:41,,-76;70:3a:0e:9b:4d:d0,,-75;70:3a:0e:9b:4d:d2,,-75;7c:d1:c3:cb:3e:fa,,-68;b4:5d:50:ea:ca:80,,-59;b4:5d:50:ea:ca:82,,-59;b4:5d:50:ea:ca:81,,-58;06:d6:aa:09:e4:e6,,-39;;;;;;;;;;;;;;;;;;;;;
55.711557;13.210615;0;point6;55.7117;13.21052;0;;1008.66;16.97803079;02.04.2019 12:29;wifi=0c:80:63:e7:4b:67,,-90;70:3a:0e:9a:75:12,,-86;b4:5d:50:ea:7f:d1,,-86;b4:5d:50:ea:7f:d0,,-86;70:3a:0e:9a:71:30,,-86;70:3a:0e:9a:71:31,,-86;70:3a:0e:9a:71:32,,-86;b4:5d:50:ea:7f:d2,,-86;70:3a:0e:9a:75:10,,-85;70:3a:0e:9b:4d:c1,,-85;70:3a:0e:9b:4d:c0,,-85;70:3a:0e:9a:75:11,,-84;68:72:51:0e:1f:06,,-83;b4:5d:50:ea:b2:c2,,-82;b4:5d:50:ea:7f:c0,,-81;b4:5d:50:ea:b2:c1,,-80;70:3a:0e:9a:6f:01,,-79;70:3a:0e:9b:4d:d1,,-78;7c:d1:c3:cb:3e:fb,,-77;b4:5d:50:ea:ca:81,,-72;b4:5d:50:ea:ca:82,,-72;b4:5d:50:ea:ae:d1,,-72;b4:5d:50:ea:ae:d0,,-72;b4:5d:50:ea:ae:d2,,-72;b4:5d:50:ea:7f:c1,,-71;b4:5d:50:05:28:10,,-71;b4:5d:50:05:28:11,,-71;b4:5d:50:ea:b5:42,,-71;b4:5d:50:05:28:01,,-70;7c:d1:c3:cb:3e:fa,,-68;b4:5d:50:ea:b5:41,,-68;fe:2a:9c:78:fc:79,,-68;b4:5d:50:ea:c1:61,,-65;b4:5d:50:ea:ca:80,,-59;06:d6:aa:09:e4:e6,,-44;;;;;;;;
55.711557;13.210692;0;point6;55.71173;13.21076;0;;1008.62;19.70290568;02.04.2019 12:29;wifi=54:e4:3a:ec:ca:25,,-90;70:3a:0e:a7:82:10,,-90;70:3a:0e:a7:6f:d2,,-90;70:3a:0e:a7:6f:d1,,-89;70:3a:0e:a7:82:11,,-89;70:3a:0e:a7:82:12,,-89;7c:d1:c3:cb:3e:fb,,-88;b4:5d:50:ea:7f:d0,,-88;70:3a:0e:9a:71:31,,-88;0c:80:63:e7:4b:67,,-88;b4:5d:50:ea:7f:d2,,-88;b4:5d:50:ea:7f:d1,,-87;b4:5d:50:ea:b2:c1,,-86;b4:5d:50:ea:b2:c2,,-85;70:3a:0e:9a:71:30,,-82;70:3a:0e:9a:71:32,,-82;0c:80:63:e7:4b:68,,-82;7c:d1:c3:cb:3e:fa,,-80;b4:5d:50:05:28:10,,-80;b4:5d:50:05:28:11,,-80;fe:2a:9c:78:fc:79,,-79;b4:5d:50:ea:7f:c0,,-76;b4:5d:50:ea:7f:c2,,-76;70:3a:0e:9a:71:21,,-73;b4:5d:50:ea:7f:c1,,-72;b4:5d:50:ea:ae:d1,,-69;b4:5d:50:ea:ae:d0,,-69;b4:5d:50:ea:ae:d2,,-69;b4:5d:50:ea:c1:61,,-65;b4:5d:50:ea:c1:60,,-65;b4:5d:50:ea:ae:c1,,-63;06:d6:aa:09:e4:e6,,-42;;;;;;;;;;;
55.711557;13.210768;0;point6;55.71176;13.21071;0;;1008.6;22.86305319;02.04.2019 12:29;wifi=54:e4:3a:ec:ca:25,,-90;70:3a:0e:a7:82:10,,-90;70:3a:0e:a7:82:11,,-89;70:3a:0e:a7:82:12,,-89;7c:d1:c3:cb:3e:fb,,-88;b4:5d:50:ea:7f:d0,,-88;70:3a:0e:9a:71:31,,-88;0c:80:63:e7:4b:67,,-88;b4:5d:50:ea:7f:d2,,-88;b4:5d:50:ea:7f:d1,,-87;b4:5d:50:ea:b2:c1,,-86;b4:5d:50:ea:b2:c2,,-85;70:3a:0e:9b:4d:e1,,-84;70:3a:0e:9a:71:30,,-82;70:3a:0e:9a:71:32,,-82;0c:80:63:e7:4b:68,,-82;70:3a:0e:a7:6f:d2,,-82;b4:5d:50:ea:b2:d0,,-82;b4:5d:50:ea:b2:d1,,-82;70:3a:0e:a7:6f:d0,,-82;b4:5d:50:ea:b2:d2,,-82;70:3a:0e:a7:6f:d1,,-81;7c:d1:c3:cb:3e:fa,,-80;b4:5d:50:05:28:10,,-80;b4:5d:50:05:28:11,,-80;70:3a:0e:9a:6c:a0,,-79;b4:5d:50:ea:b2:c0,,-78;b4:5d:50:ea:7f:c0,,-76;b4:5d:50:ea:7f:c2,,-76;b4:5d:50:ea:c1:60,,-75;b4:5d:50:ea:ca:80,,-75;b4:5d:50:ea:ca:81,,-74;b4:5d:50:ea:c1:62,,-74;b4:5d:50:ea:c1:61,,-73;fe:2a:9c:78:fc:79,,-73;70:3a:0e:9a:71:21,,-73;b4:5d:50:ea:7c:82,,-73;b4:5d:50:ea:7f:c1,,-72;b4:5d:50:ea:ae:d1,,-65;b4:5d:50:ea:ae:d0,,-65;b4:5d:50:ea:ae:d2,,-65;b4:5d:50:ea:ae:c1,,-63;06:d6:aa:09:e4:e6,,-44
55.711557;13.210845;0;point7;55.71161;13.21114;0;;1008.61;19.39656154;02.04.2019 12:29;wifi=70:3a:0e:9a:75:30,,-87;70:3a:0e:9a:75:31,,-86;70:3a:0e:9b:4d:e1,,-84;b4:5d:50:ea:7c:80,,-84;b4:5d:50:ea:7c:82,,-83;70:3a:0e:a7:6f:d2,,-82;70:3a:0e:a7:6f:d0,,-82;70:3a:0e:a7:6f:d1,,-81;b4:5d:50:ea:7c:81,,-81;b4:5d:50:ea:b2:d0,,-80;b4:5d:50:ea:b2:d1,,-80;b4:5d:50:ea:b2:d2,,-80;70:3a:0e:9b:4d:e2,,-80;70:3a:0e:9a:6c:a0,,-79;b4:5d:50:ea:ae:d1,,-78;b4:5d:50:ea:ae:d2,,-78;b4:5d:50:ea:b2:c0,,-78;b4:5d:50:ea:ca:82,,-78;70:3a:0e:9a:6c:a2,,-78;b4:5d:50:ea:ae:d0,,-77;b4:5d:50:ea:ae:c0,,-76;b4:5d:50:ea:ae:c2,,-76;b4:5d:50:ea:c1:60,,-75;b4:5d:50:ea:ca:80,,-75;b4:5d:50:ea:ae:c1,,-74;b4:5d:50:ea:ca:81,,-74;b4:5d:50:ea:c1:62,,-74;b4:5d:50:ea:c1:61,,-73;b4:5d:50:ea:b2:c2,,-72;fe:2a:9c:78:fc:79,,-57;06:d6:aa:09:e4:e6,,-38;;;;;;;;;;;;
55.711557;13.210845;0;point7;55.71164;13.21105;0;;1008.6;15.8140665;02.04.2019 12:30;wifi=b4:5d:50:ea:7c:90,,-89;b4:5d:50:ea:7c:91,,-89;b4:5d:50:ea:7c:92,,-89;70:3a:0e:9a:75:30,,-87;70:3a:0e:9a:75:32,,-87;70:3a:0e:a7:6f:d1,,-86;70:3a:0e:a7:6f:d2,,-86;70:3a:0e:a7:6f:d0,,-86;70:3a:0e:9a:75:31,,-86;b4:5d:50:05:28:01,,-86;b4:5d:50:ea:7c:82,,-84;b4:5d:50:ea:7c:80,,-83;b4:5d:50:ea:ae:d1,,-82;b4:5d:50:ea:ae:d0,,-82;b4:5d:50:ea:ae:d2,,-81;68:72:51:08:1c:ea,,-80;b4:5d:50:ea:b2:d0,,-79;b4:5d:50:ea:b2:d1,,-79;b4:5d:50:ea:b2:d2,,-79;70:3a:0e:9b:4d:e1,,-77;b4:5d:50:ea:ae:c0,,-77;b4:5d:50:ea:ae:c2,,-77;70:3a:0e:9a:75:21,,-77;b4:5d:50:ea:ae:c1,,-76;70:3a:0e:9a:6c:a2,,-76;70:3a:0e:9b:4d:e2,,-76;70:3a:0e:9a:6c:a0,,-75;b4:5d:50:ea:ca:82,,-73;fe:2a:9c:78:fc:79,,-70;b4:5d:50:ea:b2:c2,,-70;b4:5d:50:ea:b2:c1,,-70;b4:5d:50:ea:ca:81,,-70;06:d6:aa:09:e4:e6,,-43;;;;;;;;;;
55.7115;13.210848;0;point7;55.71149;13.21096;0;;1008.59;7.104307178;02.04.2019 12:30;wifi=70:3a:0e:9a:75:31,,-90;b4:5d:50:ea:ae:d1,,-89;b4:5d:50:ea:ae:d0,,-89;b4:5d:50:ea:ae:d2,,-89;b4:5d:50:ea:7c:90,,-89;b4:5d:50:ea:7c:91,,-89;b4:5d:50:ea:7c:92,,-89;70:3a:0e:9a:75:30,,-87;70:3a:0e:9a:75:32,,-87;b4:5d:50:ea:b5:41,,-87;68:72:51:08:1c:ea,,-86;70:3a:0e:a7:6f:d1,,-84;70:3a:0e:a7:6f:d2,,-84;70:3a:0e:a7:6f:d0,,-84;b4:5d:50:ea:7c:80,,-84;b4:5d:50:05:28:00,,-84;b4:5d:50:ea:7c:81,,-84;b4:5d:50:05:28:01,,-81;b4:5d:50:ea:b2:d0,,-79;b4:5d:50:ea:b2:d1,,-79;b4:5d:50:ea:b2:d2,,-79;70:3a:0e:9a:75:21,,-77;70:3a:0e:a7:6f:c1,,-77;70:3a:0e:a7:6f:c0,,-76;b4:5d:50:ea:ca:82,,-73;70:3a:0e:a7:6f:c2,,-73;fe:2a:9c:78:fc:79,,-71;b4:5d:50:ea:ca:81,,-70;b4:5d:50:ea:b2:c2,,-59;b4:5d:50:ea:b2:c0,,-59;b4:5d:50:ea:b2:c1,,-58;06:d6:aa:09:e4:e6,,-47;;;;;;;;;;;
55.711443;13.210852;0;point7;55.71143;13.21158;0;;1008.51;45.62705384;02.04.2019 12:30;wifi=70:3a:0e:9a:75:31,,-90;b4:5d:50:ea:ae:d1,,-89;b4:5d:50:ea:ae:d0,,-89;b4:5d:50:ea:ae:d2,,-89;70:3a:0e:a7:6f:d2,,-87;70:3a:0e:a7:6f:d0,,-87;70:3a:0e:a7:6f:d1,,-86;b4:5d:50:05:28:00,,-84;70:3a:0e:a7:6f:c1,,-84;b4:5d:50:05:28:01,,-81;b4:5d:50:ea:b2:d0,,-80;b4:5d:50:ea:b2:d1,,-80;b4:5d:50:ea:b2:d2,,-80;70:3a:0e:a7:6f:c0,,-77;b4:5d:50:ea:b2:c2,,-76;b4:5d:50:ea:b2:c1,,-76;b4:5d:50:ea:b2:c0,,-76;70:3a:0e:a7:6f:c2,,-73;06:d6:aa:09:e4:e6,,-37;;;;;;;;;;;;;;;;;;;;;;;;
55.711387;13.210855;0;point7;55.71138;13.21147;0;;1008.54;38.5333241;02.04.2019 12:30;wifi=70:3a:0e:a7:6f:d2,,-87;70:3a:0e:a7:6f:d0,,-87;70:3a:0e:a7:6f:d1,,-86;b4:5d:50:ea:b2:c2,,-84;70:3a:0e:a7:6f:c1,,-84;b4:5d:50:ea:7f:e1,,-84;b4:5d:50:ea:b2:d0,,-80;b4:5d:50:ea:b2:d1,,-80;b4:5d:50:ea:b2:d2,,-80;70:3a:0e:a7:6f:c0,,-77;b4:5d:50:ea:b2:c1,,-76;b4:5d:50:ea:b2:c0,,-76;fe:2a:9c:78:fc:79,,-76;70:3a:0e:9a:7b:61,,-75;06:d6:aa:09:e4:e6,,-44;;;;;;;;;;;;;;;;;;;;;;;;;;;;
55.71133;13.210859;0;point7;55.71137;13.21136;0;;1008.57;31.69772882;02.04.2019 12:30;wifi=70:3a:0e:9a:7c:b1,,-86;70:3a:0e:9a:7c:b0,,-86;70:3a:0e:9a:7c:b2,,-86;b4:5d:50:ea:b2:c2,,-84;fe:2a:9c:78:fc:79,,-78;b4:5d:50:ea:7f:e0,,-77;70:3a:0e:9a:7c:a1,,-77;b4:5d:50:ea:7f:e2,,-77;b4:5d:50:ea:7f:e1,,-76;70:3a:0e:9a:7c:a2,,-75;70:3a:0e:9a:7c:a0,,-74;70:3a:0e:9a:7b:62,,-64;70:3a:0e:9a:7b:61,,-63;70:3a:0e:9a:7b:60,,-63;06:d6:aa:09:e4:e6,,-41;;;;;;;;;;;;;;;;;;;;;;;;;;;;
55.711273;13.210862;0;point7;55.71131;13.21123;0;;1008.57;23.41690309;02.04.2019 12:30;wifi=70:3a:0e:a7:72:31,,-89;70:3a:0e:a7:72:30,,-88;70:3a:0e:a7:72:32,,-88;70:3a:0e:9a:7c:b1,,-86;70:3a:0e:9a:7c:b0,,-86;70:3a:0e:9a:7c:b2,,-86;60:f8:1d:bb:9f:c0,,-84;70:3a:0e:a7:7e:a1,,-83;fe:2a:9c:78:fc:79,,-80;70:3a:0e:a7:7e:a2,,-80;b4:5d:50:ea:7f:e0,,-77;70:3a:0e:9a:7c:a1,,-77;b4:5d:50:ea:7f:e2,,-77;b4:5d:50:ea:7f:e1,,-76;70:3a:0e:9a:7c:a2,,-75;70:3a:0e:9a:7c:a0,,-74;70:3a:0e:9a:7b:60,,-72;70:3a:0e:9a:7b:62,,-72;70:3a:0e:9a:7b:61,,-63;06:d6:aa:09:e4:e6,,-49;;;;;;;;;;;;;;;;;;;;;;;
55.711216;13.210866;0;point7;55.71127;13.21133;0;;1008.57;29.68015105;02.04.2019 12:30;wifi=7c:d1:c3:cb:38:a0,,-88;70:3a:0e:a7:72:32,,-87;70:3a:0e:a7:82:10,,-87;70:3a:0e:a7:82:11,,-87;70:3a:0e:a7:82:12,,-87;70:3a:0e:a7:72:30,,-86;70:3a:0e:a7:72:31,,-86;fe:2a:9c:78:fc:79,,-80;70:3a:0e:a7:7e:a2,,-80;a6:e9:79:e3:f7:f3,,-80;60:f8:1d:bb:9f:c0,,-76;70:3a:0e:a7:7e:a1,,-75;70:3a:0e:9a:7b:60,,-72;70:3a:0e:9a:7b:62,,-72;06:d6:aa:09:e4:e6,,-42;;;;;;;;;;;;;;;;;;;;;;;;;;;;
55.711159;13.210869;0;point7;55.71119;13.21111;0;;1008.57;15.48580669;02.04.2019 12:30;wifi=7c:d1:c3:cb:38:a0,,-88;70:3a:0e:a7:82:10,,-87;70:3a:0e:a7:82:11,,-87;70:3a:0e:a7:82:12,,-87;70:3a:0e:a7:72:30,,-81;70:3a:0e:a7:72:31,,-80;70:3a:0e:a7:72:32,,-80;60:f8:1d:bb:9f:c0,,-76;70:3a:0e:a7:7e:a1,,-75;a6:e9:79:e3:f7:f3,,-70;06:d6:aa:09:e4:e6,,-54;;;;;;;;;;;;;;;;;;;;;;;;;;;;;;;;
55.711103;13.210873;0;point7;55.71117;13.21107;0;;1008.59;14.41516771;02.04.2019 12:30;wifi=70:3a:0e:a7:51:80,,-84;a6:e9:79:e3:f7:f3,,-83;70:3a:0e:a7:51:81,,-82;70:3a:0e:a7:7e:a1,,-78;70:3a:0e:a7:72:21,,-77;70:3a:0e:a7:72:22,,-77;70:3a:0e:a7:72:30,,-75;70:3a:0e:a7:72:31,,-75;70:3a:0e:a7:72:32,,-75;70:3a:0e:a7:72:20,,-75;70:3a:0e:a7:7e:a0,,-75;06:d6:aa:09:e4:e6,,-60;;;;;;;;;;;;;;;;;;;;;;;;;;;;;;;
55.711046;13.210876;0;point7;55.71132;13.21154;0;;1008.6;51.55983142;02.04.2019 12:30;wifi=a6:e9:79:e3:f7:f3,,-83;fe:2a:9c:78:fc:79,,-79;70:3a:0e:a7:7e:a1,,-78;70:3a:0e:a7:72:21,,-77;70:3a:0e:a7:72:22,,-77;70:3a:0e:a7:72:20,,-75;70:3a:0e:a7:7e:a0,,-75;70:3a:0e:a7:51:81,,-74;70:3a:0e:a7:51:82,,-74;70:3a:0e:a7:51:80,,-73;70:3a:0e:a7:72:30,,-66;70:3a:0e:a7:72:32,,-66;70:3a:0e:a7:72:31,,-65;06:d6:aa:09:e4:e6,,-38;;;;;;;;;;;;;;;;;;;;;;;;;;;;;
55.710989;13.210879;0;point7;55.71127;13.21157;0;;1008.57;53.38563896;02.04.2019 12:30;wifi=00:19:cb:05:2b:97,,-86;70:3a:0e:a7:51:81,,-74;70:3a:0e:a7:51:82,,-74;70:3a:0e:a7:51:80,,-73;fe:2a:9c:78:fc:79,,-72;70:3a:0e:a7:72:21,,-70;70:3a:0e:a7:72:30,,-62;70:3a:0e:a7:72:32,,-62;70:3a:0e:a7:72:31,,-61;06:d6:aa:09:e4:e6,,-42;;;;;;;;;;;;;;;;;;;;;;;;;;;;;;;;;
55.710932;13.210883;0;point7;55.71123;13.21158;0;;1008.6;54.81253673;02.04.2019 12:30;wifi=70:3a:0e:9a:74:21,,-84;70:3a:0e:a7:70:21,,-82;70:3a:0e:a7:72:21,,-75;70:3a:0e:a7:72:30,,-74;70:3a:0e:a7:72:32,,-74;70:3a:0e:a7:72:31,,-73;fe:2a:9c:78:fc:79,,-72;70:3a:0e:a7:72:20,,-72;70:3a:0e:a7:72:22,,-72;06:d6:aa:09:e4:e6,,-42;;;;;;;;;;;;;;;;;;;;;;;;;;;;;;;;;
55.710876;13.210886;0;point7;55.71119;13.21153;0;;1008.57;53.35346853;02.04.2019 12:31;wifi=70:3a:0e:9b:50:b0,,-88;70:3a:0e:9b:50:b1,,-88;70:3a:0e:9b:50:b2,,-88;70:3a:0e:a7:7f:51,,-87;70:3a:0e:a7:7f:42,,-85;70:3a:0e:9a:74:21,,-82;70:3a:0e:a7:70:21,,-81;70:3a:0e:9a:74:20,,-78;70:3a:0e:9a:74:22,,-77;70:3a:0e:a7:72:21,,-75;70:3a:0e:a7:72:30,,-74;70:3a:0e:a7:72:32,,-74;70:3a:0e:a7:72:31,,-73;fe:2a:9c:78:fc:79,,-73;70:3a:0e:a7:72:20,,-72;70:3a:0e:a7:72:22,,-72;06:d6:aa:09:e4:e6,,-42;;;;;;;;;;;;;;;;;;;;;;;;;;
55.710819;13.21089;0;point7;55.71125;13.21163;0;;1008.6;66.67621676;02.04.2019 12:31;wifi=70:3a:0e:9b:50:b0,,-88;70:3a:0e:9b:50:b1,,-88;70:3a:0e:9b:50:b2,,-88;70:3a:0e:a7:7f:51,,-87;70:3a:0e:a7:7f:42,,-85;70:3a:0e:9a:74:21,,-82;70:3a:0e:a7:70:21,,-81;f0:5c:19:b9:d5:61,,-79;70:3a:0e:9a:74:20,,-78;70:3a:0e:9a:74:22,,-77;fe:2a:9c:78:fc:79,,-67;06:d6:aa:09:e4:e6,,-39;;;;;;;;;;;;;;;;;;;;;;;;;;;;;;;
55.710762;13.210893;0;point7;55.71093;13.21146;0;;1008.6;40.13214977;02.04.2019 12:31;wifi=70:3a:0e:a7:7f:f2,,-89;70:3a:0e:a7:7f:f0,,-88;70:3a:0e:a7:7f:f1,,-88;b4:5d:50:ea:9c:81,,-88;70:3a:0e:9b:50:a1,,-86;70:3a:0e:9b:50:b0,,-80;70:3a:0e:9b:50:b1,,-80;70:3a:0e:9b:50:b2,,-80;f0:5c:19:b9:d5:61,,-79;70:3a:0e:a7:73:41,,-79;70:3a:0e:a7:73:40,,-79;70:3a:0e:a7:7f:e0,,-73;70:3a:0e:a7:7f:e2,,-73;70:3a:0e:a7:7f:e1,,-72;fe:2a:9c:78:fc:79,,-67;06:d6:aa:09:e4:e6,,-43;;;;;;;;;;;;;;;;;;;;;;;;;;;
55.710705;13.210897;0;point7;55.71082;13.21136;0;;1008.6;31.69801316;02.04.2019 12:31;wifi=70:3a:0e:a7:7f:f1,,-91;70:3a:0e:a7:7f:f2,,-89;70:3a:0e:a7:7f:f0,,-88;b4:5d:50:ea:9c:81,,-88;70:3a:0e:a7:7f:e1,,-85;70:3a:0e:9b:42:41,,-85;70:3a:0e:9b:44:62,,-85;70:3a:0e:9a:74:21,,-83;70:3a:0e:9a:74:22,,-79;70:3a:0e:9b:50:a1,,-78;70:3a:0e:9a:74:20,,-78;70:3a:0e:9b:50:a2,,-78;b4:5d:50:ea:b0:02,,-74;70:3a:0e:9b:50:b0,,-73;70:3a:0e:9b:50:b2,,-73;70:3a:0e:a7:7f:e0,,-73;70:3a:0e:a7:7f:e2,,-73;70:3a:0e:9b:50:b1,,-72;b4:5d:50:ea:b0:00,,-72;b4:5d:50:ea:b0:01,,-72;fe:2a:9c:78:fc:79,,-67;06:d6:aa:09:e4:e6,,-43;;;;;;;;;;;;;;;;;;;;;
55.710648;13.2109;0;point7;55.71074;13.21136;0;;1008.57;30.57815694;02.04.2019 12:31;wifi=70:3a:0e:a7:7f:f1,,-91;f0:99:bf:0a:b5:ae,,-86;70:3a:0e:a7:7f:e1,,-85;70:3a:0e:9b:42:41,,-85;70:3a:0e:9b:44:62,,-85;70:3a:0e:9b:4d:81,,-85;00:1e:c0:3b:41:1b,,-85;70:3a:0e:9a:74:21,,-83;70:3a:0e:9b:42:42,,-82;70:3a:0e:9a:74:22,,-79;70:3a:0e:9a:74:20,,-78;b4:5d:50:ea:9c:81,,-74;b4:5d:50:ea:b0:02,,-74;b4:5d:50:ea:9c:80,,-74;b4:5d:50:ea:b0:00,,-72;b4:5d:50:ea:b0:01,,-72;70:3a:0e:9b:50:a1,,-65;70:3a:0e:9b:50:a2,,-63;70:3a:0e:9b:50:a0,,-63;70:3a:0e:9b:50:b0,,-61;70:3a:0e:9b:50:b2,,-61;70:3a:0e:9b:50:b1,,-60;fe:2a:9c:78:fc:79,,-57;06:d6:aa:09:e4:e6,,-43;;;;;;;;;;;;;;;;;;;
55.710592;13.210904;0;point7;55.71076;13.21143;0;;1008.59;37.87775626;02.04.2019 12:31;wifi=f0:99:bf:0a:b5:ae,,-86;70:3a:0e:9b:4d:81,,-85;00:1e:c0:3b:41:1b,,-85;70:3a:0e:9b:42:42,,-82;b4:5d:50:ea:9c:81,,-74;b4:5d:50:ea:9c:80,,-74;fe:2a:9c:78:fc:79,,-66;70:3a:0e:9b:50:a1,,-65;70:3a:0e:9b:50:b0,,-64;70:3a:0e:9b:50:b2,,-64;70:3a:0e:9b:50:b1,,-63;70:3a:0e:9b:50:a2,,-63;70:3a:0e:9b:50:a0,,-63;06:d6:aa:09:e4:e6,,-43;;;;;;;;;;;;;;;;;;;;;;;;;;;;;
55.710567;13.210906;0;point8;55.71069;13.21126;0;;1008.58;26.05433486;02.04.2019 12:31;wifi=b4:5d:50:ea:ad:a1,,-84;70:3a:0e:9a:74:21,,-83;70:3a:0e:9b:42:41,,-80;70:3a:0e:9b:44:61,,-79;70:3a:0e:9b:42:40,,-79;70:3a:0e:9b:42:42,,-79;b4:5d:50:ea:9c:82,,-75;70:3a:0e:9b:44:62,,-74;b4:5d:50:ea:9c:80,,-74;b4:5d:50:ea:9c:81,,-73;70:3a:0e:9b:50:a1,,-64;70:3a:0e:9b:50:a0,,-63;70:3a:0e:9b:50:a2,,-63;70:3a:0e:9b:50:b0,,-57;70:3a:0e:9b:50:b1,,-57;70:3a:0e:9b:50:b2,,-57;06:d6:aa:09:e4:e6,,-45;;;;;;;;;;;;;;;;;;;;;;;;;;
55.710618;13.210905;0;point8;55.71065;13.21136;0;;1008.57;28.72432132;02.04.2019 12:31;wifi=70:3a:0e:9b:44:61,,-86;b4:5d:50:ea:9c:82,,-83;b4:5d:50:ea:9c:81,,-83;b4:5d:50:ea:9c:80,,-83;70:3a:0e:9b:50:b0,,-65;70:3a:0e:9b:50:b1,,-65;70:3a:0e:9b:50:b2,,-65;06:d6:aa:09:e4:e6,,-59;70:3a:0e:9b:50:a0,,-58;70:3a:0e:9b:50:a2,,-58;70:3a:0e:9b:50:a1,,-56;;;;;;;;;;;;;;;;;;;;;;;;;;;;;;;;
55.710669;13.210904;0;point8;55.71097;13.21149;0;;1008.6;49.67674865;02.04.2019 12:31;wifi=70:3a:0e:9b:44:61,,-85;b4:5d:50:ea:9c:82,,-83;b4:5d:50:ea:9c:81,,-83;b4:5d:50:ea:9c:80,,-83;70:3a:0e:9b:50:a1,,-79;70:3a:0e:9a:74:21,,-79;70:3a:0e:9b:50:a2,,-77;70:3a:0e:9a:74:20,,-77;70:3a:0e:9a:74:22,,-77;70:3a:0e:9b:50:b0,,-76;70:3a:0e:9b:50:b1,,-76;70:3a:0e:9b:50:b2,,-76;70:3a:0e:9b:50:a0,,-76;fe:2a:9c:78:fc:79,,-66;06:d6:aa:09:e4:e6,,-42;;;;;;;;;;;;;;;;;;;;;;;;;;;;
55.710721;13.210904;0;point8;55.71095;13.21142;0;;1008.58;41.14916802;02.04.2019 12:31;wifi=70:3a:0e:9b:50:b0,,-86;70:3a:0e:9b:50:b1,,-85;70:3a:0e:9b:50:b2,,-85;70:3a:0e:9b:44:61,,-85;70:3a:0e:a7:7f:f0,,-85;70:3a:0e:a7:7f:f1,,-85;70:3a:0e:a7:7f:f2,,-85;70:3a:0e:a7:73:41,,-83;70:3a:0e:9b:50:a1,,-79;70:3a:0e:a7:7f:e1,,-79;70:3a:0e:9b:50:a2,,-77;70:3a:0e:9b:50:a0,,-76;70:3a:0e:a7:7f:e0,,-74;70:3a:0e:a7:7f:e2,,-74;70:3a:0e:9a:74:21,,-73;70:3a:0e:9a:74:20,,-70;70:3a:0e:9a:74:22,,-70;fe:2a:9c:78:fc:79,,-60;06:d6:aa:09:e4:e6,,-39;;;;;;;;;;;;;;;;;;;;;;;;
55.710761;13.210903;0;point9;55.71094;13.2112;0;;1008.58;27.24560354;02.04.2019 12:32;wifi=70:3a:0e:a7:7f:f2,,-90;70:3a:0e:a7:72:31,,-90;70:3a:0e:a7:7f:f0,,-89;70:3a:0e:a7:7f:f1,,-89;70:3a:0e:9b:50:b0,,-83;70:3a:0e:9b:50:b2,,-82;70:3a:0e:9b:50:b1,,-81;70:3a:0e:a7:73:41,,-79;70:3a:0e:a7:73:40,,-75;70:3a:0e:a7:73:42,,-75;70:3a:0e:9a:74:21,,-64;70:3a:0e:9a:74:20,,-61;70:3a:0e:9a:74:22,,-61;06:d6:aa:09:e4:e6,,-43;;;;;;;;;;;;;;;;;;;;;;;;;;;;;
55.710759;13.210982;0;point9;55.71088;13.21128;0;;1008.53;23.01118826;02.04.2019 12:32;wifi=70:3a:0e:a7:7f:f0,,-88;70:3a:0e:a7:7f:f2,,-88;70:3a:0e:a7:7f:f1,,-87;70:3a:0e:9a:76:10,,-84;70:3a:0e:9b:50:b0,,-83;70:3a:0e:9a:76:11,,-83;70:3a:0e:9a:76:12,,-83;70:3a:0e:9b:50:b2,,-82;70:3a:0e:9b:50:b1,,-81;70:3a:0e:9b:4d:81,,-81;70:3a:0e:9a:74:21,,-72;70:3a:0e:9a:74:22,,-72;70:3a:0e:9a:74:20,,-71;70:3a:0e:a7:73:41,,-71;70:3a:0e:a7:73:40,,-70;70:3a:0e:a7:73:42,,-69;06:d6:aa:09:e4:e6,,-45;;;;;;;;;;;;;;;;;;;;;;;;;;
55.710758;13.21106;0;point9;55.71067;13.21122;0;;1008.42;14.00770241;02.04.2019 12:32;wifi=70:3a:0e:a7:7f:f0,,-90;70:3a:0e:a7:7f:f1,,-90;70:3a:0e:a7:7f:f2,,-88;70:3a:0e:a7:7f:e1,,-85;70:3a:0e:9b:4d:81,,-81;70:3a:0e:9a:73:a1,,-77;70:3a:0e:9a:73:a0,,-76;70:3a:0e:9a:73:a2,,-75;70:3a:0e:9a:76:11,,-74;70:3a:0e:9a:76:10,,-74;70:3a:0e:9a:76:12,,-74;70:3a:0e:9a:74:21,,-72;70:3a:0e:9a:74:22,,-72;70:3a:0e:9a:74:20,,-71;70:3a:0e:a7:73:41,,-71;70:3a:0e:a7:73:40,,-70;70:3a:0e:a7:73:42,,-69;06:d6:aa:09:e4:e6,,-56;;;;;;;;;;;;;;;;;;;;;;;;;
55.710756;13.211139;0;point9;55.71055;13.21136;0;;1008.47;26.76485181;02.04.2019 12:32;wifi=70:3a:0e:a7:7f:f0,,-90;70:3a:0e:a7:7f:f1,,-90;70:3a:0e:a7:7f:e1,,-85;70:3a:0e:9a:7c:61,,-83;70:3a:0e:a7:73:41,,-77;70:3a:0e:9a:73:a1,,-77;70:3a:0e:9a:73:a2,,-75;70:3a:0e:9a:7c:62,,-75;70:3a:0e:a7:73:42,,-74;70:3a:0e:9a:73:a0,,-70;00:1e:c0:3b:41:1b,,-68;70:3a:0e:9a:76:01,,-64;fe:2a:9c:78:fc:79,,-63;70:3a:0e:9a:76:02,,-62;70:3a:0e:9a:76:10,,-60;70:3a:0e:9a:76:12,,-60;70:3a:0e:9a:76:11,,-59;06:d6:aa:09:e4:e6,,-46;;;;;;;;;;;;;;;;;;;;;;;;;
55.710754;13.211202;0;point10;55.71054;13.21131;0;;1008.54;24.73898016;02.04.2019 12:32;wifi=70:3a:0e:9a:7a:e2,,-81;70:3a:0e:9a:73:a1,,-79;70:3a:0e:9a:73:a0,,-78;70:3a:0e:9a:73:a2,,-78;70:3a:0e:9a:7c:62,,-77;70:3a:0e:9a:7c:60,,-76;70:3a:0e:9a:7c:61,,-75;70:3a:0e:a7:73:41,,-74;70:3a:0e:a7:73:40,,-71;70:3a:0e:a7:73:42,,-70;fe:2a:9c:78:fc:79,,-67;00:1e:c0:3b:41:1b,,-66;70:3a:0e:9a:76:10,,-60;70:3a:0e:9a:76:11,,-59;70:3a:0e:9a:76:12,,-59;06:d6:aa:09:e4:e6,,-52;;;;;;;;;;;;;;;;;;;;;;;;;;;
55.710756;13.211119;0;point10;55.7106;13.21139;0;;1008.5;24.271523;02.04.2019 12:32;wifi=00:1e:c0:3b:41:1b,,-75;70:3a:0e:9a:7c:61,,-75;70:3a:0e:a7:73:41,,-74;70:3a:0e:9a:73:a1,,-73;70:3a:0e:a7:73:42,,-70;70:3a:0e:a7:73:40,,-70;70:3a:0e:9a:73:a2,,-70;70:3a:0e:9a:73:a0,,-69;70:3a:0e:9a:76:10,,-68;70:3a:0e:9a:76:11,,-67;70:3a:0e:9a:76:12,,-67;fe:2a:9c:78:fc:79,,-67;70:3a:0e:9a:76:01,,-61;70:3a:0e:9a:76:00,,-59;70:3a:0e:9a:76:02,,-58;06:d6:aa:09:e4:e6,,-45;;;;;;;;;;;;;;;;;;;;;;;;;;;
55.710759;13.211036;0;point10;55.71079;13.21116;0;;1008.49;8.498167545;02.04.2019 12:32;wifi=70:3a:0e:9a:72:91,,-90;70:3a:0e:a7:7f:f1,,-89;70:3a:0e:a7:7f:f0,,-88;70:3a:0e:a7:7f:f2,,-88;70:3a:0e:9a:72:81,,-85;70:3a:0e:9a:74:22,,-84;70:3a:0e:9a:76:10,,-81;70:3a:0e:9a:76:12,,-81;70:3a:0e:9a:76:11,,-80;70:3a:0e:a7:7f:e2,,-80;00:1e:c0:3b:41:1b,,-79;70:3a:0e:9a:76:00,,-79;70:3a:0e:9a:76:01,,-79;70:3a:0e:9a:76:02,,-79;70:3a:0e:9a:73:a1,,-73;70:3a:0e:9a:73:a2,,-70;70:3a:0e:9a:73:a0,,-69;fe:2a:9c:78:fc:79,,-68;70:3a:0e:a7:73:41,,-46;70:3a:0e:a7:73:42,,-44;70:3a:0e:a7:73:40,,-44;06:d6:aa:09:e4:e6,,-42;;;;;;;;;;;;;;;;;;;;;
55.710761;13.210953;0;point10;55.71077;13.21119;0;;1008.47;14.88033195;02.04.2019 12:32;wifi=70:3a:0e:a7:7f:f0,,-90;70:3a:0e:a7:7f:f1,,-90;70:3a:0e:9a:72:91,,-90;f0:5c:19:b9:d5:71,,-90;70:3a:0e:a7:7f:f2,,-89;70:3a:0e:9a:76:10,,-87;70:3a:0e:9a:76:11,,-86;70:3a:0e:9a:76:12,,-86;70:3a:0e:9b:4d:80,,-83;70:3a:0e:9b:4d:81,,-83;70:3a:0e:9a:76:01,,-82;70:3a:0e:9b:4d:82,,-82;70:3a:0e:9a:76:00,,-80;00:1e:c0:3b:41:1b,,-79;70:3a:0e:9a:76:02,,-79;70:3a:0e:9a:72:81,,-79;70:3a:0e:a7:7f:e2,,-79;70:3a:0e:9a:72:80,,-77;70:3a:0e:9a:72:82,,-76;70:3a:0e:a7:73:41,,-74;70:3a:0e:a7:73:42,,-74;70:3a:0e:a7:73:40,,-73;70:3a:0e:9a:74:21,,-68;70:3a:0e:9a:74:20,,-67;70:3a:0e:9a:74:22,,-66;fe:2a:9c:78:fc:79,,-61;06:d6:aa:09:e4:e6,,-52;;;;;;;;;;;;;;;;
55.710783;13.210893;0;point11;55.71085;13.21109;0;;1008.52;14.41579292;02.04.2019 12:33;wifi=70:3a:0e:9a:76:10,,-90;70:3a:0e:9a:76:12,,-90;70:3a:0e:9a:76:11,,-89;70:3a:0e:a7:7f:f1,,-89;70:3a:0e:9b:50:b2,,-88;70:3a:0e:9b:50:b1,,-87;70:3a:0e:a7:7f:e1,,-85;70:3a:0e:a7:73:41,,-82;f0:5c:19:b9:d5:61,,-81;70:3a:0e:a7:73:42,,-80;70:3a:0e:a7:73:40,,-78;fe:2a:9c:78:fc:79,,-70;70:3a:0e:9a:74:21,,-55;70:3a:0e:9a:74:22,,-54;70:3a:0e:9a:74:20,,-54;06:d6:aa:09:e4:e6,,-43;;;;;;;;;;;;;;;;;;;;;;;;;;;
55.710818;13.210875;0;point11;55.7111;13.21147;0;;1008.54;48.70856204;02.04.2019 12:33;wifi=70:3a:0e:9a:76:10,,-90;70:3a:0e:9a:76:12,,-90;70:3a:0e:9a:76:11,,-89;70:3a:0e:a7:7f:f1,,-89;70:3a:0e:a7:72:31,,-89;70:3a:0e:9b:50:b2,,-88;70:3a:0e:a7:72:30,,-88;70:3a:0e:a7:72:32,,-88;70:3a:0e:9b:50:b1,,-87;70:3a:0e:a7:73:41,,-86;70:3a:0e:9a:72:81,,-86;b4:5d:50:ea:a9:41,,-86;70:3a:0e:a7:7f:e1,,-85;70:3a:0e:a7:70:21,,-82;70:3a:0e:a7:73:42,,-80;70:3a:0e:a7:73:40,,-78;70:3a:0e:9a:74:21,,-78;f0:5c:19:b9:d5:61,,-78;70:3a:0e:9a:74:22,,-72;70:3a:0e:9a:74:20,,-72;fe:2a:9c:78:fc:79,,-67;06:d6:aa:09:e4:e6,,-37;;;;;;;;;;;;;;;;;;;;;
55.710853;13.210858;0;point12;55.71118;13.21153;0;;1008.49;55.62576603;02.04.2019 12:33;wifi=70:3a:0e:a7:72:31,,-89;70:3a:0e:a7:85:b0,,-89;70:3a:0e:a7:85:b1,,-89;70:3a:0e:a7:85:b2,,-89;70:3a:0e:a7:72:30,,-88;70:3a:0e:a7:72:32,,-88;70:3a:0e:a7:73:41,,-86;70:3a:0e:a7:85:a1,,-86;70:3a:0e:a7:70:21,,-82;70:3a:0e:a7:7f:41,,-82;70:3a:0e:a7:70:22,,-82;70:3a:0e:a7:70:20,,-81;70:3a:0e:9a:74:21,,-76;70:3a:0e:9a:74:22,,-74;70:3a:0e:9a:74:20,,-74;06:d6:aa:09:e4:e6,,-41;fe:2a:9c:78:fc:79,,-34;;;;;;;;;;;;;;;;;;;;;;;;;;
55.710854;13.210827;0;point12;55.71103;13.21144;0;;1008.53;43.09978883;02.04.2019 12:33;wifi=70:3a:0e:a7:7f:41,,-81;70:3a:0e:9a:74:21,,-80;70:3a:0e:a7:8a:61,,-80;70:3a:0e:a7:72:32,,-80;70:3a:0e:a7:8a:60,,-79;b4:5d:50:ea:c5:01,,-79;70:3a:0e:a7:72:31,,-79;70:3a:0e:a7:72:30,,-79;70:3a:0e:a7:8a:62,,-78;70:3a:0e:9a:74:20,,-75;70:3a:0e:a7:70:21,,-75;70:3a:0e:a7:70:22,,-75;70:3a:0e:a7:70:20,,-74;70:3a:0e:9a:74:22,,-73;06:d6:aa:09:e4:e6,,-50;;;;;;;;;;;;;;;;;;;;;;;;;;;;
55.710858;13.210751;0;point12;55.7109;13.21131;0;;1008.53;35.32792332;02.04.2019 12:34;wifi=70:3a:0e:a7:7f:51,,-83;b4:5d:50:ea:c5:02,,-81;b4:5d:50:ea:c5:01,,-80;70:3a:0e:a7:8a:61,,-80;70:3a:0e:a7:8a:62,,-80;70:3a:0e:a7:8a:60,,-79;70:3a:0e:9a:74:21,,-76;70:3a:0e:9a:74:22,,-75;70:3a:0e:9a:74:20,,-75;70:3a:0e:a7:70:20,,-72;70:3a:0e:a7:70:22,,-72;70:3a:0e:a7:70:21,,-71;06:d6:aa:09:e4:e6,,-64;;;;;;;;;;;;;;;;;;;;;;;;;;;;;;
55.710862;13.210674;0;point12;55.71123;13.21164;0;;1008.52;73.05010549;02.04.2019 12:34;wifi=70:3a:0e:a7:85:b1,,-88;70:3a:0e:a7:7f:51,,-83;70:3a:0e:9a:74:21,,-82;b4:5d:50:ea:c5:02,,-81;b4:5d:50:ea:c5:01,,-80;70:3a:0e:a7:85:a1,,-80;70:3a:0e:a7:8a:71,,-77;70:3a:0e:a7:8a:70,,-77;70:3a:0e:a7:8a:72,,-77;70:3a:0e:9a:74:22,,-75;70:3a:0e:9a:74:20,,-75;70:3a:0e:a7:70:20,,-72;70:3a:0e:a7:70:22,,-72;70:3a:0e:a7:8a:60,,-72;70:3a:0e:a7:8a:61,,-72;70:3a:0e:a7:8a:62,,-72;70:3a:0e:a7:70:21,,-71;06:d6:aa:09:e4:e6,,-37;;;;;;;;;;;;;;;;;;;;;;;;;
55.710865;13.210597;0;point12;55.71121;13.21137;0;;1008.5;61.77771819;02.04.2019 12:34;wifi=70:3a:0e:a7:81:31,,-90;70:3a:0e:a7:85:b1,,-88;70:3a:0e:a7:7f:50,,-88;70:3a:0e:a7:7f:52,,-88;70:3a:0e:a7:7f:51,,-87;f0:5c:19:bd:40:f0,,-87;f0:5c:19:bd:40:f1,,-87;70:3a:0e:9a:74:21,,-82;70:3a:0e:9b:4e:61,,-81;70:3a:0e:9b:4e:62,,-81;70:3a:0e:a7:85:a1,,-80;70:3a:0e:9b:4e:60,,-80;fe:2a:9c:78:fc:79,,-80;70:3a:0e:a7:8a:70,,-62;70:3a:0e:a7:8a:72,,-62;70:3a:0e:a7:8a:71,,-61;70:3a:0e:a7:8a:60,,-58;70:3a:0e:a7:8a:62,,-56;70:3a:0e:a7:8a:61,,-54;06:d6:aa:09:e4:e6,,-42;;;;;;;;;;;;;;;;;;;;;;;
55.710869;13.210521;0;point12;55.71115;13.21091;0;;1008.49;39.62465597;02.04.2019 12:34;wifi=b4:5d:50:01:cc:11,,-90;70:3a:0e:a7:7f:50,,-88;70:3a:0e:a7:7f:52,,-88;7c:d1:c3:cb:38:a0,,-88;70:3a:0e:a7:7f:51,,-87;f0:5c:19:bd:40:f0,,-87;b4:5d:50:ea:8f:41,,-86;f0:5c:19:bd:40:f1,,-85;70:3a:0e:a7:8a:70,,-83;70:3a:0e:a7:8a:72,,-83;70:3a:0e:a7:8a:71,,-82;70:3a:0e:a7:81:31,,-79;70:3a:0e:a7:81:30,,-79;70:3a:0e:a7:81:32,,-79;f0:5c:19:bd:40:e1,,-78;b4:5d:50:ea:ab:c1,,-77;70:3a:0e:a7:7f:41,,-75;fe:2a:9c:78:fc:79,,-73;70:3a:0e:9b:4e:61,,-72;f0:5c:19:b9:d5:61,,-70;70:3a:0e:9b:4e:60,,-68;70:3a:0e:9b:4e:62,,-68;70:3a:0e:a7:8a:e1,,-59;70:3a:0e:a7:8a:60,,-58;70:3a:0e:a7:8a:e0,,-58;70:3a:0e:a7:8a:e2,,-58;70:3a:0e:a7:8a:62,,-56;70:3a:0e:a7:8a:61,,-54;06:d6:aa:09:e4:e6,,-43;;;;;;;;;;;;;;
55.710872;13.210444;0;point12;55.71121;13.21103;0;;1008.36;52.53671699;02.04.2019 12:34;wifi=b4:5d:50:01:cc:10,,-90;b4:5d:50:01:cc:11,,-89;b4:5d:50:01:cc:12,,-89;70:3a:0e:a7:8a:72,,-88;70:3a:0e:a7:8a:71,,-87;70:3a:0e:a7:8a:70,,-87;f0:5c:19:bd:40:f0,,-87;f0:5c:19:bd:40:e1,,-86;b4:5d:50:ea:8f:41,,-86;f0:5c:19:bd:40:f1,,-85;70:3a:0e:9b:58:41,,-83;b4:5d:50:ea:ab:c1,,-81;70:3a:0e:a7:89:00,,-80;70:3a:0e:a7:89:02,,-80;70:3a:0e:a7:81:21,,-77;70:3a:0e:9b:58:42,,-75;fe:2a:9c:78:fc:79,,-73;70:3a:0e:a7:81:31,,-73;70:3a:0e:a7:81:30,,-73;70:3a:0e:a7:81:32,,-73;70:3a:0e:9b:4e:62,,-68;70:3a:0e:a7:8a:e1,,-59;70:3a:0e:a7:8a:e0,,-58;70:3a:0e:a7:8a:e2,,-58;70:3a:0e:9b:4e:60,,-57;70:3a:0e:9b:4e:61,,-57;06:d6:aa:09:e4:e6,,-40;;;;;;;;;;;;;;;;
55.710876;13.210367;0;point12;55.71108;13.21053;0;;1008.39;24.87594669;02.04.2019 12:34;wifi=70:3a:0e:a7:8b:31,,-90;70:3a:0e:a7:8a:72,,-88;70:3a:0e:a7:8a:71,,-87;70:3a:0e:a7:8a:70,,-87;f0:5c:19:bd:40:e1,,-86;b4:5d:50:01:cc:11,,-86;b4:5d:50:01:cc:10,,-85;b4:5d:50:01:cc:12,,-85;70:3a:0e:9b:58:41,,-83;f0:d1:a9:0e:66:16,,-82;70:3a:0e:9b:4e:61,,-81;70:3a:0e:9b:4e:60,,-80;70:3a:0e:9b:4e:62,,-80;70:3a:0e:a7:89:00,,-80;70:3a:0e:a7:89:02,,-80;70:3a:0e:a7:81:21,,-77;70:3a:0e:9b:58:42,,-75;70:3a:0e:a7:81:31,,-73;70:3a:0e:a7:81:30,,-73;70:3a:0e:a7:81:32,,-73;b4:5d:50:ea:ab:c1,,-65;06:d6:aa:09:e4:e6,,-42;;;;;;;;;;;;;;;;;;;;;
55.710865;13.210306;0;point13;55.71089;13.21017;0;;1008.49;8.961711105;02.04.2019 12:34;wifi=70:3a:0e:a7:8b:31,,-88;70:3a:0e:a7:8b:30,,-88;70:3a:0e:a7:8b:32,,-88;70:3a:0e:9b:4e:61,,-85;b4:5d:50:01:cc:11,,-83;b4:5d:50:01:cc:10,,-83;b4:5d:50:01:cc:12,,-82;70:3a:0e:a7:8a:61,,-81;fe:2a:9c:78:fc:79,,-80;6c:19:8f:f4:48:07,,-80;f0:d1:a9:0e:66:16,,-80;70:3a:0e:a7:8b:20,,-79;70:3a:0e:9b:4e:62,,-79;70:3a:0e:a7:8b:21,,-78;a8:bd:27:24:e7:80,,-78;a8:bd:27:24:e7:82,,-78;70:3a:0e:a7:8a:e1,,-76;a8:bd:27:24:e7:81,,-75;b4:5d:50:ea:ab:c0,,-67;b4:5d:50:ea:ab:c2,,-67;b4:5d:50:ea:ab:c1,,-63;06:d6:aa:09:e4:e6,,-47;;;;;;;;;;;;;;;;;;;;;
55.710832;13.210305;0;point13;55.71095;13.2104;0;;1008.4;14.40703751;02.04.2019 12:35;wifi=70:3a:0e:a7:81:31,,-90;70:3a:0e:a7:8b:30,,-84;70:3a:0e:a7:8b:32,,-84;70:3a:0e:a7:8b:31,,-83;b4:5d:50:01:cc:10,,-80;f0:d1:a9:0e:66:16,,-80;b4:5d:50:01:cc:11,,-79;b4:5d:50:01:cc:12,,-79;70:3a:0e:9b:4e:61,,-79;70:3a:0e:9b:4e:62,,-79;a8:bd:27:24:e7:80,,-78;a8:bd:27:24:e7:82,,-78;a8:bd:27:24:e8:61,,-78;70:3a:0e:9b:4e:60,,-78;70:3a:0e:a7:8a:e1,,-76;a8:bd:27:24:e7:81,,-75;70:3a:0e:a7:8b:21,,-74;70:3a:0e:a7:8b:22,,-74;70:3a:0e:a7:8b:20,,-73;b4:5d:50:ea:ab:c0,,-67;b4:5d:50:ea:ab:c2,,-67;b4:5d:50:ea:ab:c1,,-63;06:d6:aa:09:e4:e6,,-39;;;;;;;;;;;;;;;;;;;;
55.710798;13.210304;0;point13;55.71067;13.20997;0;;1008.4;25.3053772;02.04.2019 12:35;wifi=70:3a:0e:a7:81:31,,-90;b4:5d:50:0b:90:30,,-88;70:3a:0e:a7:8b:30,,-84;70:3a:0e:a7:8b:32,,-84;70:3a:0e:a7:8b:31,,-83;b4:5d:50:01:cc:11,,-82;b4:5d:50:01:cc:10,,-82;b4:5d:50:01:cc:12,,-81;70:3a:0e:9b:4e:61,,-81;f0:d1:a9:0e:66:16,,-80;70:3a:0e:9b:4e:41,,-80;b4:5d:50:0b:90:21,,-79;70:3a:0e:9b:4e:42,,-79;a8:bd:27:24:e8:61,,-78;70:3a:0e:9b:4e:60,,-78;70:3a:0e:a7:8b:21,,-71;b4:5d:50:ea:ab:c1,,-70;70:3a:0e:a7:8b:20,,-67;70:3a:0e:a7:8b:22,,-67;a8:bd:27:24:e7:81,,-63;6c:19:8f:f4:48:07,,-56;06:d6:aa:09:e4:e6,,-41;;;;;;;;;;;;;;;;;;;;;
55.710778;13.210339;0;point14;55.71059;13.2099;0;;1008.46;34.54418816;02.04.2019 12:35;wifi=70:3a:0e:a7:8b:31,,-89;70:3a:0e:a7:8b:30,,-89;70:3a:0e:a7:8b:32,,-89;b4:5d:50:0b:90:30,,-88;b4:5d:50:0b:90:31,,-87;70:73:cb:b6:5c:bd,,-84;70:3a:0e:9b:58:41,,-83;f0:d1:a9:0e:66:16,,-82;70:3a:0e:9b:51:a1,,-81;a8:bd:27:24:e8:61,,-81;b4:5d:50:ea:ad:a1,,-80;b4:5d:50:01:cc:11,,-79;b4:5d:50:01:cc:10,,-79;b4:5d:50:01:cc:12,,-79;f0:5c:19:b9:d5:61,,-79;70:3a:0e:9b:54:42,,-78;70:3a:0e:a7:8b:21,,-75;70:3a:0e:a7:8b:20,,-75;70:3a:0e:9b:4e:60,,-74;70:3a:0e:a7:8b:22,,-74;b4:5d:50:ea:ab:c1,,-73;b4:5d:50:ea:e2:62,,-72;70:3a:0e:9b:4e:61,,-71;70:3a:0e:9b:4e:62,,-68;b4:5d:50:ea:e2:61,,-62;6c:19:8f:f4:48:07,,-50;06:d6:aa:09:e4:e6,,-41;;;;;;;;;;;;;;;;
55.710756;13.210385;0;point15;55.71059;13.20994;0;;1008.4;33.43367269;02.04.2019 12:35;wifi=70:3a:0e:9b:5c:51,,-90;70:3a:0e:a7:8b:31,,-88;70:3a:0e:a7:8b:30,,-87;70:3a:0e:a7:8b:32,,-87;70:3a:0e:9b:54:40,,-76;b4:5d:50:ea:a9:40,,-74;b4:5d:50:ea:a9:42,,-74;70:3a:0e:a7:8b:21,,-73;70:3a:0e:a7:8b:20,,-71;70:3a:0e:a7:8b:22,,-71;b4:5d:50:ea:a9:41,,-71;70:3a:0e:9b:4e:62,,-66;70:3a:0e:9b:4e:61,,-62;70:3a:0e:9b:4e:60,,-61;b4:5d:50:ea:e2:62,,-60;b4:5d:50:ea:e2:60,,-60;b4:5d:50:ea:e2:61,,-56;6c:19:8f:f4:48:07,,-48;06:d6:aa:09:e4:e6,,-35;;;;;;;;;;;;;;;;;;;;;;;;
55.710704;13.210383;0;point15;55.71051;13.20973;0;;1008.43;46.24606197;02.04.2019 12:35;wifi=70:3a:0e:a7:8b:31,,-88;70:3a:0e:9b:54:41,,-88;70:3a:0e:a7:8b:30,,-87;70:3a:0e:a7:8b:32,,-87;b4:5d:50:ea:ad:b1,,-86;b4:5d:50:ea:ad:b2,,-86;b4:5d:50:ea:ad:b0,,-85;70:73:cb:b6:5c:bd,,-83;70:3a:0e:9b:5c:50,,-82;70:3a:0e:9b:5c:52,,-82;70:3a:0e:9b:5c:51,,-81;b4:5d:50:ea:ad:a2,,-80;70:3a:0e:9b:4e:62,,-79;70:3a:0e:9b:4e:60,,-79;70:3a:0e:9b:5c:41,,-77;70:3a:0e:9b:5c:40,,-76;b4:5d:50:ea:a9:40,,-74;b4:5d:50:ea:a9:42,,-74;70:3a:0e:9b:54:42,,-74;70:3a:0e:a7:8b:21,,-73;70:3a:0e:9b:54:40,,-72;70:3a:0e:a7:8b:20,,-71;70:3a:0e:a7:8b:22,,-71;fe:2a:9c:78:fc:79,,-66;70:3a:0e:9b:4e:61,,-62;b4:5d:50:ea:a9:41,,-60;b4:5d:50:ea:e2:62,,-52;b4:5d:50:ea:e2:60,,-52;b4:5d:50:ea:e2:61,,-50;6c:19:8f:f4:48:07,,-48;06:d6:aa:09:e4:e6,,-43;;;;;;;;;;;;
55.710652;13.210381;0;point15;55.71076;13.21026;0;;1008.41;14.20131788;02.04.2019 12:35;wifi=70:3a:0e:9b:5c:51,,-88;70:3a:0e:9b:54:41,,-88;70:3a:0e:9b:51:11,,-88;70:3a:0e:9b:51:10,,-87;70:3a:0e:9b:51:12,,-87;70:73:cb:b6:5c:bd,,-83;70:3a:0e:9b:5c:50,,-82;70:3a:0e:9b:5c:52,,-82;70:3a:0e:9b:5c:40,,-80;70:3a:0e:9b:5c:41,,-80;70:3a:0e:9b:4e:62,,-79;70:3a:0e:9b:4e:60,,-79;70:3a:0e:9b:5c:42,,-79;6c:19:8f:f4:48:09,,-77;b4:5d:50:ea:ad:b0,,-75;b4:5d:50:ea:ad:b1,,-74;70:3a:0e:9b:54:42,,-74;b4:5d:50:ea:ad:b2,,-74;70:3a:0e:9b:54:40,,-72;b4:5d:50:ea:ad:a2,,-72;b4:5d:50:ea:ad:a0,,-72;b4:5d:50:ea:ad:a1,,-71;6c:19:8f:f4:48:07,,-67;fe:2a:9c:78:fc:79,,-66;b4:5d:50:ea:e2:62,,-65;b4:5d:50:ea:e2:60,,-65;b4:5d:50:ea:a9:41,,-63;b4:5d:50:ea:e2:61,,-62;06:d6:aa:09:e4:e6,,-39;;;;;;;;;;;;;;
55.710645;13.210379;0;point16;55.71066;13.21004;0;;1008.43;21.30171239;02.04.2019 12:35;wifi=70:3a:0e:9b:5c:51,,-89;70:3a:0e:9b:5c:50,,-89;70:3a:0e:9b:5c:52,,-89;70:3a:0e:9a:7d:92,,-88;70:3a:0e:9b:5c:42,,-82;70:3a:0e:9a:7d:90,,-82;70:3a:0e:9a:7d:81,,-81;70:3a:0e:9b:5c:41,,-80;70:3a:0e:9a:7d:80,,-79;70:3a:0e:9a:7d:82,,-77;b4:5d:50:ea:ad:b0,,-74;b4:5d:50:ea:ad:b1,,-74;b4:5d:50:ea:ad:b2,,-74;b4:5d:50:ea:a9:41,,-72;b4:5d:50:ea:e2:60,,-70;b4:5d:50:ea:e2:62,,-70;b4:5d:50:ea:e2:61,,-66;6c:19:8f:f4:48:07,,-65;b4:5d:50:ea:ad:a1,,-63;b4:5d:50:ea:ad:a2,,-62;b4:5d:50:ea:ad:a0,,-62;06:d6:aa:09:e4:e6,,-45;;;;;;;;;;;;;;;;;;;;;
55.710688;13.210378;0;point16;55.71054;13.20976;0;;1008.41;42.06672931;02.04.2019 12:36;wifi=70:3a:0e:9a:7d:92,,-88;70:3a:0e:9b:51:a1,,-86;b4:5d:50:ea:ad:b0,,-85;b4:5d:50:ea:ad:b1,,-85;b4:5d:50:ea:ad:b2,,-85;f0:5c:19:b9:d5:61,,-85;70:3a:0e:9a:7d:90,,-82;70:3a:0e:9b:4e:62,,-82;b4:5d:50:ea:ad:a2,,-80;70:3a:0e:9b:5c:52,,-78;70:3a:0e:9b:5c:51,,-77;70:3a:0e:9b:5c:50,,-77;70:3a:0e:9b:5c:41,,-74;b4:5d:50:ea:ad:a1,,-72;70:3a:0e:9b:54:41,,-72;b4:5d:50:ea:e2:60,,-70;b4:5d:50:ea:ad:a0,,-62;6c:19:8f:f4:48:07,,-55;06:d6:aa:09:e4:e6,,-53;b4:5d:50:ea:e2:61,,-52;b4:5d:50:ea:e2:62,,-52;b4:5d:50:ea:a9:42,,-52;b4:5d:50:ea:a9:40,,-51;b4:5d:50:ea:a9:41,,-50;;;;;;;;;;;;;;;;;;;
55.710732;13.210377;0;point16;55.71052;13.20977;2;;1008.39;44.73920977;02.04.2019 12:36;wifi=b4:5d:50:01:cc:11,,-91;70:3a:0e:9b:5c:51,,-90;70:3a:0e:a7:8b:30,,-90;70:3a:0e:a7:8b:31,,-89;70:3a:0e:a7:8b:32,,-89;b4:5d:50:ea:ad:b0,,-85;b4:5d:50:ea:ad:b1,,-85;b4:5d:50:ea:ad:b2,,-85;b4:5d:50:ea:ad:a2,,-80;b4:5d:50:ea:ad:a1,,-80;f0:d1:a9:0e:66:16,,-80;70:3a:0e:9b:5c:52,,-78;70:3a:0e:9b:5c:50,,-77;70:3a:0e:9b:54:41,,-72;70:3a:0e:9b:4e:60,,-71;b4:5d:50:ea:a9:41,,-70;70:73:cb:b6:5c:bd,,-69;b4:5d:50:ea:e2:61,,-66;70:3a:0e:9b:5c:41,,-66;70:3a:0e:9b:4e:62,,-66;b4:5d:50:ea:e2:60,,-64;b4:5d:50:ea:e2:62,,-64;b4:5d:50:ea:a9:42,,-52;b4:5d:50:ea:a9:40,,-51;6c:19:8f:f4:48:07,,-48;06:d6:aa:09:e4:e6,,-46;;;;;;;;;;;;;;;;;
55.710775;13.210376;0;point16;55.71078;13.21031;2;;1008.42;4.171755572;02.04.2019 12:36;wifi=70:3a:0e:a7:8b:31,,-91;70:3a:0e:9b:5c:51,,-90;70:3a:0e:a7:8b:30,,-90;b4:5d:50:01:cc:11,,-90;70:3a:0e:a7:8b:32,,-89;70:3a:0e:a7:81:30,,-89;70:3a:0e:a7:81:32,,-89;70:3a:0e:a7:81:31,,-88;f0:5c:19:b9:d5:61,,-84;b4:5d:50:ea:a9:41,,-80;b4:5d:50:ea:ad:a1,,-80;f0:d1:a9:0e:66:16,,-80;b4:5d:50:ea:e2:61,,-73;70:3a:0e:9b:4e:60,,-71;70:73:cb:b6:5c:bd,,-69;70:3a:0e:9b:5c:41,,-66;6c:19:8f:f4:48:09,,-66;70:3a:0e:9b:4e:61,,-66;b4:5d:50:ea:e2:60,,-64;b4:5d:50:ea:e2:62,,-64;70:3a:0e:9b:4e:62,,-63;6c:19:8f:f4:48:07,,-48;06:d6:aa:09:e4:e6,,-38;;;;;;;;;;;;;;;;;;;;
55.710818;13.210375;0;point16;55.71077;13.21028;0;;1008.41;7.993755036;02.04.2019 12:36;wifi=70:3a:0e:a7:8b:31,,-90;b4:5d:50:01:cc:11,,-90;70:3a:0e:a7:81:30,,-85;f0:5c:19:b9:d5:61,,-84;70:3a:0e:a7:81:31,,-84;70:3a:0e:a7:81:32,,-84;b4:5d:50:ea:a9:41,,-80;70:3a:0e:a7:81:21,,-78;b4:5d:50:ea:e2:62,,-77;b4:5d:50:ea:e2:61,,-73;f0:d1:a9:0e:66:16,,-72;70:3a:0e:9b:4e:62,,-66;70:3a:0e:9b:4e:60,,-66;6c:19:8f:f4:48:09,,-66;70:3a:0e:9b:4e:61,,-66;06:d6:aa:09:e4:e6,,-47;;;;;;;;;;;;;;;;;;;;;;;;;;;
55.710873;13.210358;0;point17;55.71099;13.21046;0;;1008.43;14.49435368;02.04.2019 12:36;wifi=70:3a:0e:a7:8b:31,,-91;70:3a:0e:a7:81:31,,-89;70:3a:0e:a7:81:30,,-89;b4:5d:50:01:cc:10,,-89;b4:5d:50:01:cc:12,,-89;b4:5d:50:01:cc:11,,-88;70:3a:0e:a7:81:32,,-88;70:3a:0e:9b:4e:60,,-80;f0:d1:a9:0e:66:16,,-80;a8:bd:27:24:e7:82,,-79;6c:19:8f:f4:48:07,,-78;a8:bd:27:24:e7:81,,-77;70:3a:0e:a7:8a:e1,,-73;70:3a:0e:a7:8a:e0,,-72;b4:5d:50:ea:ab:c0,,-70;b4:5d:50:ea:ab:c2,,-70;70:3a:0e:a7:8a:e2,,-68;b4:5d:50:ea:ab:c1,,-66;06:d6:aa:09:e4:e6,,-42;;;;;;;;;;;;;;;;;;;;;;;;
55.710903;13.210354;0;point18;55.71098;13.2104;0;;1008.45;9.033830654;02.04.2019 12:36;wifi=70:3a:0e:a7:81:32,,-90;70:3a:0e:a7:81:31,,-89;70:3a:0e:a7:81:30,,-89;b4:5d:50:01:cc:10,,-85;b4:5d:50:01:cc:11,,-84;b4:5d:50:01:cc:12,,-84;6c:19:8f:f4:48:09,,-84;a8:bd:27:24:e7:80,,-84;a8:bd:27:24:e7:82,,-83;a8:bd:27:24:e7:81,,-82;70:3a:0e:a7:8b:21,,-80;f0:d1:a9:0e:66:16,,-78;fe:2a:9c:78:fc:79,,-76;70:3a:0e:a7:8a:e0,,-72;6c:19:8f:f4:48:07,,-70;b4:5d:50:ea:ab:c0,,-66;b4:5d:50:ea:ab:c2,,-65;b4:5d:50:ea:ab:c1,,-64;06:d6:aa:09:e4:e6,,-41;;;;;;;;;;;;;;;;;;;;;;;;
55.710965;13.210353;0;point18;55.71116;13.21067;0;;1008.41;29.40221432;02.04.2019 12:36;wifi=70:3a:0e:a7:81:21,,-88;f0:d1:a9:0e:66:16,,-86;b4:5d:50:01:cc:11,,-84;a8:bd:27:24:e7:80,,-84;70:3a:0e:9b:5c:21,,-84;70:3a:0e:a7:81:32,,-83;b4:5d:50:01:cc:10,,-83;b4:5d:50:01:cc:12,,-83;a8:bd:27:24:e7:81,,-83;a8:bd:27:24:e7:82,,-83;70:3a:0e:a7:81:31,,-82;70:3a:0e:a7:81:30,,-82;a8:bd:27:24:e8:60,,-82;70:3a:0e:a7:81:22,,-82;a8:bd:27:24:e8:61,,-81;b4:5d:50:01:cc:01,,-80;70:3a:0e:a7:81:20,,-79;70:3a:0e:a7:8a:e0,,-72;b4:5d:50:ea:ab:c1,,-65;b4:5d:50:ea:ab:c0,,-65;b4:5d:50:ea:ab:c2,,-65;06:d6:aa:09:e4:e6,,-38;;;;;;;;;;;;;;;;;;;;;
55.711027;13.210352;0;point18;55.71111;13.21044;0;;1008.34;10.7499292;02.04.2019 12:36;wifi=f0:d1:a9:0e:66:16,,-86;70:3a:0e:9b:5b:21,,-85;70:3a:0e:9b:5c:21,,-84;a8:bd:27:24:e7:81,,-83;a8:bd:27:24:e8:60,,-82;70:3a:0e:a7:81:22,,-82;70:3a:0e:a7:81:30,,-81;b4:5d:50:01:cc:10,,-81;b4:5d:50:01:cc:12,,-81;a8:bd:27:24:e8:61,,-81;70:3a:0e:9b:49:c1,,-81;b4:5d:50:01:cc:11,,-80;70:3a:0e:a7:81:31,,-80;70:3a:0e:a7:81:32,,-80;b4:5d:50:01:cc:01,,-80;70:3a:0e:9b:49:c2,,-80;70:3a:0e:9b:49:c0,,-79;70:3a:0e:a7:81:20,,-67;b4:5d:50:ea:ab:c1,,-65;b4:5d:50:ea:ab:c0,,-65;70:3a:0e:a7:81:21,,-64;06:d6:aa:09:e4:e6,,-43;;;;;;;;;;;;;;;;;;;;;
55.711089;13.210352;0;point18;55.71116;13.21055;0;;1008.36;14.70302286;02.04.2019 12:37;wifi=70:3a:0e:a7:81:31,,-86;70:3a:0e:a7:81:30,,-86;70:3a:0e:a7:81:32,,-86;70:3a:0e:9b:5b:21,,-85;b4:5d:50:ea:ab:c1,,-84;70:3a:0e:a7:87:01,,-83;70:3a:0e:9b:49:c1,,-81;70:3a:0e:9b:49:c2,,-80;70:3a:0e:9b:49:c0,,-79;b4:5d:50:01:cc:11,,-70;b4:5d:50:01:cc:10,,-70;b4:5d:50:01:cc:12,,-70;70:3a:0e:a7:81:20,,-67;70:3a:0e:a7:81:21,,-64;06:d6:aa:09:e4:e6,,-45;;;;;;;;;;;;;;;;;;;;;;;;;;;;
55.711152;13.210351;0;point18;55.71122;13.21052;0;;1008.33;13.00994653;02.04.2019 12:37;wifi=70:3a:0e:a7:81:30,,-89;70:3a:0e:a7:81:32,,-89;70:3a:0e:a7:81:31,,-88;a8:bd:27:24:ea:91,,-88;a8:bd:27:24:ea:90,,-88;a8:bd:27:24:ea:92,,-87;b4:5d:50:ea:ab:c1,,-82;ac:7f:3e:ec:15:ea,,-81;a8:bd:27:24:ea:80,,-79;a8:bd:27:24:ea:81,,-78;70:3a:0e:a7:87:00,,-71;70:3a:0e:a7:87:01,,-70;70:3a:0e:a7:87:02,,-70;b4:5d:50:01:cc:11,,-69;b4:5d:50:01:cc:10,,-69;b4:5d:50:01:cc:12,,-69;b4:5d:50:01:cc:00,,-68;b4:5d:50:01:cc:01,,-67;06:d6:aa:09:e4:e6,,-42;;;;;;;;;;;;;;;;;;;;;;;;
55.711201;13.21035;0;point19;55.71124;13.21073;0;;1008.39;24.19639836;02.04.2019 12:37;wifi=a8:bd:27:24:e7:a1,,-88;a8:bd:27:24:ea:81,,-86;70:3a:0e:a7:82:11,,-86;70:3a:0e:a7:82:10,,-86;70:3a:0e:a7:82:12,,-86;ac:7f:3e:ec:15:ea,,-85;70:3a:0e:a7:8a:01,,-82;b4:5d:50:01:cc:10,,-79;b4:5d:50:01:cc:11,,-78;b4:5d:50:01:cc:12,,-78;b4:5d:50:01:cc:00,,-78;70:3a:0e:a7:87:00,,-78;b4:5d:50:01:cc:01,,-77;b4:5d:50:01:cc:02,,-76;70:3a:0e:a7:87:02,,-74;70:3a:0e:a7:87:01,,-71;06:d6:aa:09:e4:e6,,-43;;;;;;;;;;;;;;;;;;;;;;;;;;
55.711206;13.210451;0;point19;55.71118;13.21078;0;;1008.4;20.81141106;02.04.2019 12:37;wifi=7c:d1:c3:cb:38:a1,,-91;0c:80:63:e7:4b:67,,-91;b4:5d:50:01:cc:10,,-88;b4:5d:50:01:cc:12,,-88;b4:5d:50:01:cc:11,,-87;70:3a:0e:a7:82:11,,-86;70:3a:0e:a7:82:10,,-86;ac:7f:3e:ec:15:ea,,-85;70:3a:0e:a7:8a:01,,-83;70:3a:0e:9b:43:61,,-82;70:3a:0e:a7:82:01,,-79;7c:d1:c3:cb:38:a0,,-79;70:3a:0e:a7:81:20,,-79;b4:5d:50:01:cc:00,,-78;b4:5d:50:01:cc:01,,-77;70:3a:0e:a7:82:12,,-77;70:3a:0e:a7:81:21,,-77;b4:5d:50:01:cc:02,,-76;70:3a:0e:a7:82:02,,-76;70:3a:0e:a7:81:31,,-71;70:3a:0e:a7:81:30,,-71;fe:2a:9c:78:fc:79,,-70;70:3a:0e:9b:5c:c2,,-66;70:3a:0e:9b:5c:c0,,-65;70:3a:0e:9b:5c:c1,,-63;70:3a:0e:a7:87:01,,-60;70:3a:0e:a7:87:00,,-60;70:3a:0e:a7:87:02,,-60;06:d6:aa:09:e4:e6,,-41;;;;;;;;;;;;;;
55.711211;13.210552;0;point19;55.71121;13.21073;0;;1008.37;11.15075595;02.04.2019 12:37;wifi=b4:5d:50:01:cc:11,,-91;7c:d1:c3:cb:38:a1,,-91;0c:80:63:e7:4b:67,,-91;b4:5d:50:01:cc:10,,-88;b4:5d:50:01:cc:12,,-88;70:3a:0e:9b:43:61,,-82;fe:2a:9c:78:fc:79,,-79;7c:d1:c3:cb:38:a0,,-79;70:3a:0e:a7:81:20,,-79;0c:80:63:e7:4b:68,,-79;70:3a:0e:a7:89:c1,,-78;70:3a:0e:a7:81:21,,-77;54:e4:3a:ec:ca:24,,-76;70:3a:0e:a7:87:01,,-73;70:3a:0e:a7:89:c0,,-73;70:3a:0e:a7:87:02,,-72;70:3a:0e:a7:89:c2,,-72;70:3a:0e:a7:87:00,,-71;70:3a:0e:a7:81:31,,-71;70:3a:0e:a7:81:30,,-71;70:3a:0e:9b:5c:c1,,-70;70:3a:0e:9b:5c:c0,,-69;70:3a:0e:a7:82:10,,-68;70:3a:0e:a7:82:12,,-68;70:3a:0e:a7:82:11,,-67;70:3a:0e:9b:5c:c2,,-66;70:3a:0e:a7:82:01,,-64;70:3a:0e:a7:82:02,,-64;70:3a:0e:a7:82:00,,-64;06:d6:aa:09:e4:e6,,-46;;;;;;;;;;;;;
55.711216;13.210653;0;point19;55.71124;13.21082;0;;1008.37;10.79677737;02.04.2019 12:37;wifi=b4:5d:50:01:cc:11,,-91;7c:d1:c3:cb:38:a1,,-90;0c:80:63:e7:4b:67,,-89;f0:5c:19:bd:40:f1,,-86;f0:5c:19:bd:40:f0,,-86;b8:09:8a:ce:5e:21,,-81;fe:2a:9c:78:fc:79,,-79;0c:80:63:e7:4b:68,,-79;b4:5d:50:05:28:01,,-79;70:3a:0e:a7:89:c1,,-78;54:e4:3a:ec:ca:24,,-76;70:3a:0e:a7:89:c0,,-75;70:3a:0e:a7:89:c2,,-75;70:3a:0e:a7:87:01,,-73;70:3a:0e:a7:87:02,,-72;70:3a:0e:a7:87:00,,-71;70:3a:0e:9b:5c:c1,,-70;70:3a:0e:9b:5c:c0,,-69;70:3a:0e:a7:82:02,,-64;70:3a:0e:a7:82:00,,-64;70:3a:0e:a7:82:01,,-58;70:3a:0e:a7:82:10,,-57;70:3a:0e:a7:82:11,,-56;70:3a:0e:a7:82:12,,-56;06:d6:aa:09:e4:e6,,-40;;;;;;;;;;;;;;;;;;
55.711222;13.210754;0;point19;55.71124;13.21106;0;;1008.42;19.27326842;02.04.2019 12:37;wifi=7c:d1:c3:cb:38:a1,,-90;0c:80:63:e7:4b:67,,-89;7c:d1:c3:cb:38:a0,,-88;f0:5c:19:bd:40:f1,,-86;f0:5c:19:bd:40:f0,,-86;70:3a:0e:a7:70:91,,-86;b4:5d:50:05:28:01,,-83;70:3a:0e:a7:70:81,,-83;70:3a:0e:a7:82:12,,-81;b8:09:8a:ce:5e:21,,-81;70:3a:0e:a7:82:11,,-80;70:3a:0e:a7:82:10,,-80;70:3a:0e:a7:89:c1,,-78;70:3a:0e:a7:89:c0,,-75;70:3a:0e:a7:89:c2,,-75;70:3a:0e:a7:82:02,,-74;70:3a:0e:a7:82:00,,-74;70:3a:0e:a7:7e:a1,,-73;70:3a:0e:a7:82:01,,-72;70:3a:0e:a7:7e:a0,,-72;70:3a:0e:a7:7e:a2,,-71;fe:2a:9c:78:fc:79,,-56;06:d6:aa:09:e4:e6,,-40;;;;;;;;;;;;;;;;;;;;
55.711227;13.210855;0;point20;55.71128;13.21123;0;;1008.38;24.21929514;02.04.2019 12:37;wifi=7c:d1:c3:cb:38:a0,,-88;70:3a:0e:a7:70:91,,-86;70:3a:0e:a7:82:11,,-85;70:3a:0e:a7:82:10,,-85;70:3a:0e:a7:82:12,,-85;70:3a:0e:a7:82:01,,-83;b4:5d:50:05:28:01,,-83;70:3a:0e:a7:70:81,,-83;70:3a:0e:9a:7b:61,,-79;70:3a:0e:9a:7b:62,,-77;70:3a:0e:9a:7b:60,,-76;70:3a:0e:a7:82:02,,-74;70:3a:0e:a7:82:00,,-74;70:3a:0e:a7:7e:a1,,-73;70:3a:0e:a7:7e:a0,,-72;70:3a:0e:a7:7e:a2,,-71;fe:2a:9c:78:fc:79,,-52;06:d6:aa:09:e4:e6,,-38;;;;;;;;;;;;;;;;;;;;;;;;;
